genes,log2FoldChange
FOXO1,2
DPY19L3,2
EXOC3L1,2
RBFOX2,2
FAT1,2
RNF151,1
FOXP4,1
DNASE1L2,1
GJB7,1
MORF4L2,2
ERVV-1,1
PRR27,1
ZNF568,0
MLX,2
RAG2,1
ITPA,2
FOXP3,1
FCAMR,2
STRIP2,1
TMEM255A,0
FAM149A,2
MGST1,2
HIP1R,2
PDLIM5,2
GUF1,2
POLR3C,2
PCDHGA6,2
LRRC8E,1
C2ORF66,1
EXOC6B,2
BCAR3,0
SLC28A3,1
SLC30A1,2
FAM118B,2
CCDC68,0
MEMO1,2
STOX1,1
IGSF5,0
TSKS,2
ADORA2A,0
FRMD4B,0
NFIL3,2
CEACAM7,0
ANAPC2,2
CANX,2
BEST2,0
GSR,2
RPP25,2
SLC16A2,2
SLC35F6,2
SMIM8,2
MIGA1,2
RNF182,1
CFLAR,2
DYRK3,2
MEGF8,2
HIST1H1C,0
FAM177A1,2
UNC13B,2
NLGN4Y,0
CCDC66,2
GOLGA7B,1
TRIM65,2
FAM161A,2
SOX17,0
CLEC9A,0
MTRF1L,2
KLHL6,0
FAM212B,2
ESF1,2
IPO11,2
ZNF439,0
CCDC130,2
IDO2,2
PROZ,1
ZGRF1,1
ACTG2,0
HSD17B2,0
ERN2,2
DNAH7,2
TYRO3,1
VPS26B,2
KLHL38,0
TUBA3D,2
EEF2K,2
VGF,1
MRPS10,2
SNRPB,1
ZBED3,2
AL031708.1,1
HEPACAM2,0
TRIM31,2
SDC4,2
GHRHR,1
COQ10B,2
PSMD3,2
RARG,2
F5,1
CCDC149,2
PRH2,2
INSIG2,2
ANKFN1,1
COL4A6,0
RPL37A,2
SLC25A48,2
TTC7A,2
CNOT4,2
HRG,1
MCHR2,0
ANP32B,2
LPIN3,2
SUMO2,2
PALM,0
LRRTM3,0
TIMM23B,2
GOLT1A,1
TEX19,1
MGARP,2
DARS2,2
ANKS6,1
AMOT,2
NMUR2,1
CALML5,1
FRAT1,2
FAM216B,0
GADD45GIP1,2
ABCA8,0
CAB39,2
GUCA1A,1
APOO,2
COPS7B,2
RC3H1,2
SPNS3,1
TMEM232,2
CXCL3,1
RFX8,1
TMEM253,0
ZNF286A,2
MYMK,1
URGCP-MRPS24,2
NBL1,2
USP8,2
LGI4,0
HSPB8,0
HFM1,2
POP1,1
TYSND1,2
CLCN3,2
NTSR2,1
ENO3,2
SIN3A,2
MAGEA6,1
RHEB,2
PLAC1,1
PLEKHG6,2
GRWD1,2
P2RY14,0
PHPT1,2
HPN,1
FAM126B,0
ZNF518B,2
GSG1L,0
CDKL1,0
MPPED2,0
PGR,0
PAAF1,2
FCAR,1
ASCL4,0
TMEM25,0
EPB41L4A,0
NIT1,2
PTPN9,2
MRGPRF,0
METTL12,2
RNF214,2
HCST,2
EFS,0
TNFRSF11B,1
TRAPPC10,2
GFRA3,0
HHEX,2
BNIP1,2
ZNF468,2
TMEM132D,0
AQP6,1
SERPINB2,1
RNF166,2
PHF7,2
CETP,2
METRN,2
UNC50,2
CACNG6,0
AKAP11,2
LRRC19,0
7-Mar,2
SEPHS2,2
GIT2,2
G6PD,2
LONRF3,2
CHD5,0
ANAPC11,1
GRAMD4,0
NDE1,2
ATP6V1H,2
TNFAIP8,2
PPIH,2
TLN2,2
PEX10,2
RBBP6,2
ZP1,2
SIPA1L2,0
ZFPL1,2
MAGEC2,1
CCP110,2
GAS2L2,2
IRS2,2
RFX6,0
ZNF135,0
YARS2,2
RDM1,1
VSNL1,1
SNRNP48,2
GCLC,2
ZNF136,2
FOLR1,1
AAAS,2
MUT,2
TMX1,2
PIK3R5,0
ARGLU1,2
CD300A,2
SLAIN2,2
FAM214A,0
KBTBD13,0
PRDM6,0
ACSL4,2
TWISTNB,2
STK32B,0
CYP4F8,1
WNT5B,2
ABCC2,1
MANBA,2
TK1,2
ADD1,2
TMEM150A,2
SAR1B,2
NCOR1,2
KCNK9,1
CARMIL3,1
UBR2,2
MCM7,1
SELPLG,2
WASHC3,2
HTR2C,1
KIF22,2
BAAT,1
CABLES2,2
THRSP,0
PTPRH,0
NKAPL,0
CCL18,2
EEFSEC,2
DNAJB12,2
MUC7,1
TMEM196,0
ACADS,0
ZNF785,2
SLC17A8,0
SHOC2,2
LRRC49,2
GID8,2
ST6GALNAC6,0
OR2B6,1
TNFSF11,1
CKMT1A,0
GGACT,2
ACER2,2
GPRIN1,2
RNF115,2
AC068896.1,2
SHH,1
RUNX1,1
VRK2,2
POLB,1
ZNF592,2
CAMK2G,2
VRK1,2
ZNF425,2
FBXL20,2
PDCD10,2
FXYD4,1
NXPH2,0
TAPBPL,2
KCTD14,1
CCNO,1
CYB5R3,2
NTNG2,2
C16ORF54,0
THBS1,2
CAMKK1,2
TNPO1,2
CCDC121,2
CCDC136,0
GYG2,2
SIK2,2
IMMP1L,2
SYNDIG1,2
SLITRK5,0
ZDHHC11B,2
FAM221A,2
CDC42BPA,2
B3GALNT2,2
FBLN2,0
ACP6,2
CYFIP1,2
CARD14,1
UIMC1,2
OSBPL6,2
TFAP2A,1
TRIB2,2
CDC14B,2
CA10,0
AP1G2,2
KCNK10,0
ARAF,2
NIPA2,2
EXOC2,2
BET1,2
PER2,2
RSU1,2
ZNF215,2
ELOB,2
STARD8,2
NEPRO,2
TOX4,2
ACAP1,2
MAP3K21,2
LNP1,2
P2RX7,2
MRPL51,2
TICAM1,2
PPM1N,1
PAH,1
MCUB,2
SLC38A3,1
CDKN2C,2
ELMSAN1,0
TATDN1,2
SPRYD3,2
DMGDH,0
KPNB1,2
LINC00694,0
PDLIM2,0
C4ORF19,0
IK,2
MCOLN2,0
RALYL,0
GATAD2A,2
PANX2,1
OSBPL1A,0
ZNF676,0
PLEKHG5,2
MUC21,1
SCARF1,2
GALNT11,2
SHISA7,0
ARL4D,0
LCOR,2
OR2C1,0
ZFP2,2
TANGO6,2
TCF24,1
DCAF12L2,0
CRK,2
SPRED2,2
SGCA,0
FAM107B,0
EFNA2,2
TBC1D29,1
DTD2,2
CYTH2,2
ZNF566,2
OR1J1,1
CREBBP,2
GSTA4,2
RFC4,1
ZNF469,1
PPFIA1,2
CRYL1,2
AKAP5,0
CENPN,1
TRAPPC2,2
RPLP1,2
ZNF624,2
KRT6A,1
NUDT18,2
TDRD12,2
MLXIP,2
ASB7,2
GP1BA,0
LBP,1
TMEM170A,2
C17ORF107,2
PDZK1IP1,1
CACNA1D,1
GNG3,0
ADPGK,2
MS4A6A,0
PIN4,2
ACVR1B,2
MYT1L,0
IFT27,2
LOXHD1,2
IL17F,1
EXOG,2
TXLNG,1
SERPINA9,0
TSPAN3,2
KCTD2,2
C9ORF152,2
C14ORF28,2
LENG1,2
MRRF,2
NOD2,1
WWTR1,0
OMP,2
DDX51,2
PHTF1,2
RGS21,1
POLR2L,2
FGD2,0
KCNIP1,0
PANO1,1
MMP13,1
SHROOM4,1
HMBS,2
PSMA3,2
TNFRSF9,2
ALLC,2
BMPR2,2
PLCB4,1
SEC24A,2
C17ORF97,2
IQGAP1,2
FAM173A,2
RPP40,1
PPP1R14B,2
HAUS3,2
DDX6,2
ATXN7L2,2
PKN2,2
SH3BP1,0
COIL,2
ST3GAL3,2
AUP1,2
CUL4A,2
TIAM1,0
OCLN,2
RSPH3,2
AGO2,2
NEUROG2,1
RBM12,2
ZNF155,2
CPSF1,2
DLGAP4,2
AKR1C2,0
FAXC,0
STK25,2
GPR171,0
RAET1G,1
NUDT10,0
TRAT1,0
TRPA1,0
FAM171A1,2
ZNF621,2
KCNIP4,0
AP2S1,2
ZNF396,2
TBX15,1
AC004233.2,1
LINS1,2
ARRDC5,2
DWORF,1
CITED1,1
BLM,1
C4A,2
DCSTAMP,1
PABPC3,1
ZNF461,2
DAPL1,1
LIMD2,2
SGO2,2
POLR2H,2
DFNB59,2
AC134669.2,0
TPGS1,1
KLHL35,1
KNG1,0
EDARADD,2
LILRA1,2
PARP6,2
FAM71E1,1
LIX1L,2
F2R,2
CHUK,2
AMPH,0
GRPR,1
ZNF267,2
AZGP1,1
EEF1B2,2
PCLAF,1
TJP3,0
RANGAP1,1
AASDHPPT,2
NBR1,2
NCAPG,1
MDH2,2
STRA6,1
CXORF56,2
SPIN2B,2
ATP5F1,2
CBFB,1
UBD,1
KCNIP2,2
DPP7,1
GEM,2
DGAT1,2
MITD1,2
RPS17,2
FBXO21,2
LSMEM2,0
KLK10,1
A2ML1,1
SCYL2,2
ARV1,2
NAV3,2
TFR2,1
MLF2,2
CCDC83,1
C1QBP,2
SDHAF3,2
C17ORF53,1
MYL2,0
CACNG7,0
APOA2,1
IGFN1,1
FPGS,1
GPATCH11,2
MKNK2,2
GOLGA8H,2
PLEKHA7,0
NXPE4,0
MPV17L2,2
VIPR2,0
NFAT5,2
WDR20,2
SERPINB7,1
SLC16A10,2
NENF,2
GABARAPL2,2
RGS17,2
VAT1L,0
HSD11B2,0
TRPC6,0
PAQR7,2
NBPF10,2
GYPE,0
MYOM2,2
KIF27,2
TMEM170B,2
NBPF15,2
ARMC3,1
NCCRP1,0
DRC3,2
CARTPT,0
MLLT11,2
MFSD11,2
SMAP1,2
ATG14,2
HPS1,2
FAM89A,1
BZW2,2
NDP,1
NDUFB1,2
CCL21,0
RACK1,2
SCML2,2
HASPIN,1
RPE,2
SNX11,2
SOX15,0
ERMARD,2
TAP1,2
TNRC6B,2
ZNF668,2
PPP6C,2
FGF7,0
SOWAHD,2
ALOX12,2
FOSB,0
SOS2,0
NPTXR,0
RASSF3,2
HOXB13,0
VPS72,2
ASIP,1
PROM2,0
GAB3,2
POLR2G,2
NCAPG2,1
PYY,0
FAM19A5,1
ULBP3,1
C16ORF46,1
TRH,1
EID1,2
TTC27,2
TRAK2,0
EXOSC4,1
ZNF804A,0
LSM8,2
DHX9,2
ANTXR1,2
GPR89A,2
RAD50,2
SLBP,2
CRCT1,1
TJAP1,2
ELAC2,2
LRMP,0
UBIAD1,2
CAD,1
APOBEC3B,0
PTCD2,2
IRF9,2
DDX23,2
BAK1,2
TANGO2,2
JKAMP,2
AKR7A2,2
PLAUR,2
MAPKAPK5,2
SLC23A2,2
DBF4B,1
FAM153B,2
ARHGEF26,0
POLR1B,1
FOXN2,2
ZNRF3,1
PPY,0
NTF3,2
MSI2,1
LRP10,2
TKFC,2
CPE,2
SUV39H2,1
SLC30A6,2
MCM8,1
CDK7,2
MTG2,1
P2RX4,0
MMP28,0
LGALS2,0
SLC7A11,1
PRKAB2,2
ELMO1,2
LDHB,2
OR6T1,0
MCTP2,2
KCNJ9,0
ATP8A1,0
C19ORF47,2
HGH1,1
TRPC7,0
FMO5,0
TEAD3,2
KRTAP5-4,1
AGTR2,0
BHLHA15,0
TAB2,2
SLC24A4,0
GOLGA8S,0
ZNF397,2
LIMS2,0
FLNA,0
MYH11,0
CXCL8,1
NLRP3,2
CCDC96,2
HBS1L,2
ARVCF,1
C8ORF46,0
DUT,2
PDZRN4,0
MMP12,1
SUSD3,2
MAN2A2,2
STAB1,0
AICDA,0
AUNIP,1
ATP1A2,0
ARSJ,2
IL2RG,2
SNCA,0
TNFSF18,2
KCNMB3,2
ERICH2,1
RNF24,2
STX7,2
TSTA3,1
GTPBP6,2
TUBGCP4,2
BCHE,0
ARFGEF3,2
GANC,2
CFD,0
CLEC11A,2
UBE4A,2
IL1RL2,1
ZNF257,0
PTH1R,0
OTUD1,2
PRODH2,1
MED28,2
FDPS,2
NXPE2,0
RXFP3,1
RPRM,0
SLC24A3,2
TTC28,0
ZGPAT,2
RMND1,2
C10ORF107,0
CEACAM21,2
AL049779.1,1
C2CD2L,2
USP15,2
FAAH2,2
CDC42EP5,2
ELOVL1,2
MTM1,0
C5ORF42,2
PTPMT1,2
RILPL2,2
NEK9,2
ZNF808,2
CAGE1,1
CERS4,2
PCDHGC3,0
KLB,0
PAICS,1
GPR143,1
BMP7,1
VBP1,2
ERCC8,2
ARC,2
SRSF10,2
ALCAM,2
ZDHHC22,0
ERFE,1
B4GALNT3,0
GTF3C4,2
TAS2R4,2
PARD6A,1
XKR4,0
CAMP,0
SLC6A11,2
BCLAF3,2
IDH3G,2
WDR43,1
TG,1
PLG,0
ISLR,2
NTPCR,2
PNLIPRP1,2
CAP1,2
DCAF17,2
CLPP,2
CACNG4,1
HDGFL3,2
ZDHHC19,2
CDK5R2,0
SAA1,1
UNC5B,2
GLYATL3,0
TROAP,1
FETUB,0
CLEC4G,0
WDR49,0
NNAT,0
RPL27,2
CASP4,2
GRAMD1B,2
NEFM,0
POLR3B,2
MELK,1
UBP1,2
DHX34,1
TRIM63,0
UBE2C,1
MGLL,0
AK1,2
CCL15-CCL14,0
ZNF692,1
FBXO45,2
BCR,2
EBP,2
ICE2,2
SYT8,1
ANXA5,2
CCDC159,2
CRADD,2
YBX2,2
MUC15,1
UTP23,2
CLASRP,2
PRODH,1
TEX45,1
NRXN1,0
GJA3,1
STAR,0
SLC15A1,0
LRRC73,1
COMMD5,2
SUGT1,2
LNPEP,2
HNRNPD,2
UNC5A,1
KBTBD11,0
DYNC1I1,0
SMPD2,2
SPART,0
ABRACL,2
LUC7L2,2
RNF34,2
SYNE3,0
CYBA,2
ITPKA,0
GANAB,2
GPT2,1
MAML3,2
DNAJC25,2
HMG20A,2
ANK1,2
PRSS54,1
PIK3CB,2
RPP14,2
BTBD7,2
TRAPPC12,2
DCAF4L1,1
NPRL3,1
ZNF235,2
CCDC163,2
LMO1,0
LARS2,2
PHTF2,2
RORB,0
CCNC,2
ABCC1,1
PCDHGC5,2
HIST1H2AI,0
TRIP4,2
TTC38,2
POU6F1,2
SORBS3,2
HDHD3,2
CCDC74B,2
CCNDBP1,2
MAPT,0
RANBP1,1
RARRES2,2
PIK3C2G,0
KDM1A,2
DNAH5,1
PRB1,1
RNF219,2
ZFP36,2
STOM,0
WBP11,2
EML5,0
CTSG,0
KRBOX1,2
TBCCD1,2
NCKAP1L,0
ABCB4,2
ANKMY2,2
AAR2,2
IVL,1
DCUN1D4,2
R3HDM1,2
OLR1,1
TPM2,0
ARHGAP21,2
LYRM9,2
C16ORF89,0
DIRAS2,0
PRKD3,2
KIAA1522,2
NIPSNAP3A,2
PLAA,2
ADAMTSL3,0
KCNG3,0
NUP153,2
C10ORF90,2
NEK6,2
ZNF575,0
RAB11FIP1,2
POLE3,2
AXIN1,2
NIPAL3,2
PEX26,0
KCNS3,0
GPRIN2,0
CTH,2
SETDB1,2
ADCK1,2
METTL6,2
PPARA,2
CC2D1A,2
ARID4A,2
SLC7A6,1
CNTN6,0
IQCF1,1
MZT2A,1
CX3CR1,0
POU2F3,2
ZNF560,1
KLRF2,0
APBB3,2
ATXN3,2
NXN,2
ARSI,2
CPS1,1
PC,0
TMEM206,1
MAGEA10,1
CD96,0
B3GNT9,2
GPR39,2
HTR2B,2
RPL37,2
RERGL,0
NTM,2
LGR5,1
TPMT,2
AKR1B15,0
TMEM132A,1
NEK10,2
TSSK4,2
CCDC58,2
MAGEB5,1
KRCC1,0
MB,0
KRIT1,2
ZMAT2,2
SMC2,2
CREG1,2
GRAMD2B,0
EPDR1,1
FAM180B,0
CCR8,1
MS4A3,0
BIN1,2
GSTP1,1
LRRC34,1
DZANK1,2
DPY19L1,2
SDR42E1,2
CGREF1,1
RGS16,1
AFMID,2
ABT1,2
RIF1,2
NPIPA8,1
DAAM2,0
IL17RA,2
FLCN,2
ZSCAN9,2
TPRG1L,2
SEMG1,1
PCSK6,0
ITSN2,2
PDE1A,0
HECW1,1
TXN,2
LRRC47,2
IPCEF1,0
CLEC2B,2
KIAA1456,2
LYG1,1
C1QTNF8,1
LRRK1,2
CFHR1,0
PYROXD1,2
FUS,2
CLTCL1,2
TMEM269,2
PIK3CA,2
BCKDHB,2
SLCO4C1,0
RPS6KA5,0
DPEP3,0
KLK11,1
KRT4,1
SLURP1,1
MBD3,2
AJUBA,1
AP1S3,1
PDZD4,0
SMARCD3,2
RAN,1
NNT,2
MFSD12,1
ATXN1L,2
RELT,1
C11ORF54,2
PRSS36,0
SLC35D3,1
PLA2G3,1
FBXL17,2
VPS35,2
KHDRBS2,0
RRP1,1
TSLP,0
OSGEPL1,2
TM7SF2,1
TUBGCP6,2
FHL2,2
WASHC2A,2
EXOSC3,2
DDX21,1
DTX1,2
MRPL23,2
RTFDC1,2
PLCL2,0
CNGB1,0
ZNF860,1
OTUB2,1
TTLL9,1
CTDNEP1,2
SLC22A14,2
CXORF38,2
GRIN3A,0
CDK5RAP3,2
VDAC2,2
ASAH2B,2
DNASE2,2
PLEK,2
SMIM23,1
ATRIP,2
EIF4G3,2
GRIN2A,0
SSFA2,2
TAL1,0
SDHAF4,2
TEX11,0
MFSD14B,2
ZCCHC11,2
SMARCA2,2
NINJ2,2
SLC34A1,1
BOD1,2
SLC39A3,2
DDX52,2
ZNF207,2
BRIP1,1
MTMR4,2
RMND5A,2
HTR3A,0
TCF7,1
HIPK1,2
TOX2,2
BCL7C,2
MLC1,2
CLDN6,1
SERPINH1,1
DNAJC18,2
BTF3,2
PWWP2B,2
BAG2,2
CASP14,1
EVI2B,0
STX16,2
VSIG10,2
MPEG1,0
MEIS3,2
LTA4H,2
TMCO2,1
CLDN10,1
FAM50A,2
CD164,2
FOXF1,0
PQLC1,2
TMEM30B,0
DENND3,2
MGME1,2
GPX1,2
UBAP2,2
ZNF706,2
AK5,0
DCLK1,0
ARHGEF25,0
TTC9B,2
GORAB,2
NNMT,2
GPR180,1
CEP83,2
TGS1,2
PTGS1,0
AC011604.2,1
C8ORF88,0
STARD3,2
C21ORF2,2
APCDD1,1
ZNF485,1
AMN,0
DENND1B,2
ADGRG1,1
COL9A3,1
IMPA2,2
CFAP47,1
SORT1,2
ASPA,0
CD27,0
SAMD12,2
TBCEL,2
KIAA0232,2
STXBP1,1
DNASE2B,2
RBFOX1,0
HCN3,2
C16ORF70,2
MYADML2,1
SOHLH2,0
OR10Q1,1
CROCC2,2
MGAT5,2
ADA2,0
GOLGB1,2
EXOC7,2
SCNN1G,0
MTRF1,2
LEXM,0
NOP56,1
C7ORF31,0
ZNF287,2
INHBC,2
SLC5A12,2
RB1,2
ERI3,2
DCTPP1,2
NECAB1,0
FRMPD2,1
INPP5J,0
PSMA5,2
CD300LG,0
DICER1,2
WDR24,2
CEP95,2
SUFU,2
S1PR5,1
DLL1,2
TFIP11,2
HMGB3,2
PBX1,0
DUSP7,2
C17ORF99,1
FGFBP2,0
MOCS1,0
RPH3AL,2
EDAR,1
TMEM127,2
TYMS,2
MYLK2,2
BCL2L10,2
SYTL2,0
SH3D21,2
TSPAN6,2
CIB4,1
GALNT12,0
SLC9A7,1
SOD3,1
RHBDF2,1
FITM2,2
VIM,2
IPO8,2
IFT140,2
RPRD1B,2
AC008763.2,1
BLOC1S4,2
GLS2,1
HNRNPA1,2
ATP5O,2
MGAM,0
ERG,2
YBX3,2
ANKDD1A,2
AC008750.8,2
LILRB5,0
KRT74,1
RBM39,2
PDE5A,0
TAF10,2
HMGCR,2
FOXM1,1
HOXC9,1
HTR1D,1
TBL2,2
NPBWR1,1
GPA33,0
IL13,1
TMPO,2
UBA7,2
PSMD6,2
CIB1,2
SMYD3,2
NR2E1,1
LRRC18,0
MBTPS2,2
CAMK2N1,0
ADAT1,2
NRAP,0
CALHM1,0
RASSF10,1
SEC24C,2
NSUN6,2
FMO1,1
RCL1,1
ABHD14A-ACY1,1
DHCR7,1
CALML3,1
FRMD7,1
OR51E2,0
RSPH10B,2
FAM228B,2
PHYHD1,0
ARMC10,1
LMOD3,1
HSBP1,2
MAIP1,2
FAM187B,2
AGO1,2
SSBP2,0
CORO7,2
PRPF31,2
MAGEA4,1
NEU3,2
VSTM4,0
TECR,2
XG,2
SCNN1B,0
ASXL1,2
TMEM9B,2
H1F0,2
EIF2B4,2
DNAJB1,2
LEPROT,2
ZNF154,0
COLEC10,2
ASH2L,2
RARA,2
TBX19,2
SOCS7,2
MRPL18,2
SLC22A4,0
TARS2,2
CALM1,2
WDYHV1,1
MYLK,0
CCL26,1
C15ORF40,2
ESRP1,2
SF3A1,2
CMPK1,2
ST6GALNAC3,0
NSUN2,2
PGM3,2
CNGA3,0
JUND,2
DTX3,2
SELP,2
NFASC,0
RASGRF2,2
LMBRD1,2
TRNP1,1
PRRG3,0
BSG,2
METTL24,0
XYLB,2
CXCL5,1
HIF1AN,2
CD34,2
GOLPH3,2
CRABP1,0
CRYGN,2
MB21D1,1
NPNT,2
PCNA,1
COL4A1,1
ABCG5,1
CDC42EP2,2
EAF1,2
WIPF1,2
AC073896.1,1
MYO1A,0
TNFSF13,2
ATRNL1,0
SAMD10,1
PLCD3,0
WHAMM,2
SDC3,2
HLX,2
TGFBR2,2
NOA1,2
TMEM37,0
HIST1H3H,2
CARS,2
CCDC77,2
HABP4,2
PRDM15,2
JUN,2
EVI5L,2
SLC26A4,2
FTSJ1,1
FOXO4,2
FAM196A,2
RFPL2,1
BID,1
GSTM3,2
WDR74,1
MRPL36,2
PPAT,1
KLHL32,1
COL9A1,1
FAM58A,2
TDRD7,2
ZXDC,2
LRRC28,2
IGFBP2,2
TMED9,2
KRT7,1
EPC1,2
AFAP1,2
RAET1L,1
ONECUT3,1
PSMD4,2
NECTIN1,2
CNTNAP3,0
DACT2,2
CHRAC1,2
POU4F1,1
NCAPH,1
TAF2,2
C19ORF24,2
ALAS2,0
ATP5E,2
TESK2,0
CSGALNACT1,2
MTG1,2
COX6A1,2
FAM102B,2
TREX2,1
SLC52A3,2
GIGYF1,2
PIK3C2B,2
WNT9B,2
HIPK2,2
MAP4K4,2
POMGNT2,2
DPM2,2
MT1B,0
LRRC23,2
LRFN1,2
SYBU,2
NUDT14,2
DHX15,2
SLC41A3,2
ADAMTS9,2
IGSF9,0
C10ORF142,0
BATF3,2
NEIL3,1
ZNF777,2
COX4I1,2
PPP2CB,2
SPRYD4,2
FRG1,2
AC009779.3,0
BTNL8,0
C20ORF27,1
UTS2,1
FDX1,2
MIXL1,0
LRRC9,1
TCN1,1
ZADH2,2
CKMT1B,0
VRTN,2
LRAT,0
ZNF471,0
PHKA1,1
GALM,2
LIPH,0
GPR182,0
DNAJC16,2
PAK3,0
CEBPZ,2
PSMD11,2
TSTD2,2
PIGL,2
IGF2,1
HIST1H1E,1
KANSL1L,2
HDHD5,2
C1QTNF3,0
KLHDC7A,2
IGFBP4,2
ANKRD13A,0
CD207,0
MARVELD3,0
SH3GL1,2
FAM205C,0
WDFY2,2
LCN15,1
PRDM1,2
DCBLD2,2
ETFDH,0
CHAT,0
ENDOV,2
MOB1A,2
TLR2,2
WNT8B,1
RWDD2A,2
TTLL10,2
CXCL16,2
DACT3,0
GK5,2
PLCD1,0
SNX24,0
RSL1D1,2
ZNF395,2
XKRX,1
LEMD1,1
FOLH1,2
KLF16,2
HAUS8,2
TMEM147,1
FAM220A,2
FAM124A,0
ITIH6,1
MCEMP1,1
AC005779.2,2
ADGRA3,2
FHOD1,2
B3GNT8,0
GFER,2
TCTA,2
ENPP5,2
GUCA2B,0
AC004805.1,1
SSBP1,2
IGSF23,1
CSNK2A2,2
NCF1,0
GRP,1
FEZ1,0
RP9,2
FSCN2,2
PPP2R3C,2
GABRA4,1
CCNB1IP1,1
PFN4,2
AQP12A,0
INTS10,2
STMN2,0
MOK,1
NFKBID,2
ELOC,2
GPD2,2
SLCO2A1,0
TCF20,2
PLAG1,2
CANT1,2
AC020922.1,2
PRR34,2
STPG1,0
DLX5,1
TCP11L1,0
HHLA3,2
OPTC,0
TFF1,1
GNGT1,1
AC187653.1,0
PHLPP2,0
CNRIP1,0
ABCA12,1
SLC9A3,0
ADCK5,2
ARMCX1,0
ACAD9,2
CAND1,2
RGS22,0
TTBK2,2
PALMD,2
HSP90AB1,1
ENOPH1,1
CRACR2B,2
LITAF,0
IFNL3,1
TRAF6,2
ARHGAP6,2
CXCL12,0
REEP3,2
CARNS1,2
CLNS1A,2
TNFRSF10B,1
ASB11,0
METTL22,2
UBB,2
DBF4,1
PRSS50,1
SH3RF1,2
FBXO34,2
LAMTOR2,2
P2RY10,0
CHMP1B,2
RTL9,2
PTPRE,2
ITPK1,2
PRPF40A,2
SPAG6,0
PSMB1,2
PIGT,2
ARMC9,2
ZNF337,2
SKIDA1,0
NDUFA5,2
SLC2A13,0
EIF4E3,0
NUDT1,1
CSAD,2
WBP1L,2
TAOK2,2
SLC46A1,0
MT1H,0
DDHD1,2
CHRNA5,1
PPIL1,1
PNMA2,2
USP35,2
EBF3,2
NADK,2
HLA-C,2
RASL10B,1
BIRC3,2
BRMS1,2
TBC1D1,2
PITPNA,2
KCNMA1,0
MTMR10,2
NUP210,1
RPS11,2
LAYN,2
DOCK8,2
SLC38A5,1
TDO2,1
U2SURP,2
ZBTB11,2
SLC18A3,0
CHMP5,2
ACYP1,2
ERBIN,2
ETV7,2
TGOLN2,2
RMI1,2
KRTCAP3,2
EPHX4,1
SRSF11,2
FLYWCH1,2
HPS4,2
NELFE,2
PRH1,2
SLC9A9,0
PRELP,0
PTGES3,2
TCEA1,2
IQSEC3,2
CHSY3,1
KIAA1644,0
GCNT7,2
ATP2B1,0
FEN1,1
PRAP1,2
TPD52,2
MAT1A,1
SFTPA2,0
TYW1B,2
LRRC8C,2
AP1B1,2
KHDRBS3,2
CMYA5,2
DUS4L,1
IFIT5,2
TIMM44,2
ERGIC1,2
FMC1,2
DISP2,0
OSGEP,2
COL26A1,1
ECH1,2
SLC35F1,0
RIOX1,2
MMP8,1
TRMT5,2
TMEM246,2
ACAA2,0
IGSF6,2
CLDN19,0
GPR42,0
RPE65,1
RHBG,1
CRYBB1,2
CIRBP,2
PHF2,2
CMTR1,2
TP53RK,1
SEPT1,2
SLCO1B1,1
POLQ,1
C1QTNF3-AMACR,2
ANGPTL5,0
GSTM4,2
RBP1,1
WNT2B,0
SPRED3,1
ITM2C,0
SNX12,2
CREBL2,2
INO80B-WBP1,1
ZNF705A,1
PLN,0
FABP2,0
STAP2,0
CSMD2,1
HERC3,0
SEMA4B,2
TPD52L1,1
TMEM19,2
C21ORF59,2
UBE3D,1
DPP10,0
ZNF367,1
RAC2,2
PNLIPRP3,0
OR2W3,0
GTF2A2,2
STX1A,1
PYGO1,0
DCX,0
TLX3,1
RNASE3,2
RNF175,2
TUB,0
PIK3CD,2
DHODH,2
BANF2,1
TUBE1,2
SPINK2,0
IGFL1,1
MCCC2,2
ZBTB3,2
ZNF765,2
CSTL1,1
SAMD14,2
HNRNPDL,2
SLC10A2,0
VSIG8,1
VIPR1,0
CKB,0
MRM1,2
TBX4,1
JAML,0
DIO3,2
NAGA,2
BCAT2,2
CFH,0
ZNF454,0
SYPL2,0
RABL3,2
RALGPS1,2
MED12L,0
ATP6V1F,2
SELENOW,2
HIPK4,0
TIPARP,2
PRRT1,0
COQ5,2
C10ORF76,2
LTA,2
POU2AF1,0
NAE1,2
CHMP1A,2
CEACAM3,0
COL28A1,0
TIPRL,2
SPSB2,2
TBX1,2
ZNF174,2
OAZ2,2
MRPL13,2
ORC3,2
ASNS,1
PPM1G,2
LBH,2
UBTF,2
KRT12,0
DLX6,1
MYH14,2
GOLPH3L,2
DRD2,1
SFXN3,2
CBARP,1
FUT1,1
TRIM54,1
AJAP1,2
RPL13,2
EDEM2,2
OSBPL7,2
9-Mar,1
KIAA0319,2
FNDC1,2
VAV3,2
SMPD1,0
POMP,2
SREBF2,2
TESPA1,0
SCP2,0
ATMIN,2
FAM49B,2
SERPINA10,1
ELAVL3,0
ZNF846,2
DSN1,1
OTX1,1
PPFIBP2,2
SLC9A3R1,0
ADRA2B,2
CCDC14,2
DYNC2LI1,2
ANO9,1
SULF1,1
MROH7-TTC4,2
PDGFRA,0
BUB1,1
C15ORF61,2
PENK,0
CDIP1,0
SRSF1,2
MAP4K1,0
DSEL,0
PLS1,0
ECSIT,2
SRRM4,0
KIF20A,1
ATIC,1
VPS18,2
CLTA,2
LBR,2
FCGR3B,2
NPHP4,2
FAM160A2,2
RRP36,2
CLDN8,0
ZNF589,2
ARHGAP4,2
DIS3L2,2
AOC3,0
FNIP2,0
SLC37A2,0
SVIP,2
MST1,1
CNKSR3,2
CGRRF1,2
IL36G,1
NUTM2A,0
MDP1,2
C5ORF52,0
C12ORF10,2
GCA,2
HCK,2
CNOT6L,2
C10ORF88,2
TMEM216,2
CALCOCO2,2
ARPC2,2
DDIT3,2
HRK,0
EPN2,2
KCTD8,0
CORT,2
LRRC25,2
XRN1,2
DHX8,2
ANXA11,2
TTC8,2
RSRC1,2
BCS1L,2
STX2,2
UNC93B1,2
PRDM2,2
FAM199X,2
MDK,2
ANKRD65,0
CINP,2
ZNF211,2
TP53I13,2
USP25,2
BAG1,2
ZNF623,2
RPS18,2
HIST1H2AM,2
UCHL3,1
RPS16,2
MAOA,0
TTF2,2
COL4A3,2
SNAP91,0
MAVS,2
SLC26A1,2
NAPG,2
CCDC84,2
NAB1,2
FIBP,2
MAP3K7,2
FASN,1
SUGP1,2
ASGR1,1
SGO1,1
ZFYVE21,2
TLE3,2
DDX54,2
EGLN2,2
PHC1,2
SF3A2,2
TRANK1,0
EHD2,0
PCOTH,2
CES3,0
PSAT1,1
NR1D1,2
TMOD2,0
DLC1,2
PNP,2
PRRG1,2
RNF113A,2
GJA5,2
CENPA,1
ADAMDEC1,0
CD74,2
SEMA5A,2
ATP8B2,0
XYLT2,2
SF3B4,2
SMIM17,2
MFAP3,2
NFKB1,2
FOXP1,2
RNF180,0
DEFA5,1
RP1,1
LINC00959,2
SP1,2
SCAMP5,2
PTCHD3,0
SRFBP1,2
RSL24D1,2
SLC17A1,0
FAM177B,2
SCARF2,1
MRPS2,2
GHR,0
SPECC1L-ADORA2A,2
TGM6,1
HK2,0
FAM118A,2
AQP4,0
TAGLN3,0
CST6,1
FAM193A,2
TPGS2,2
NDEL1,2
TXNRD2,2
KLF4,0
ATOH8,2
DNAH14,1
ZNF662,2
GTF2A1,2
UNKL,2
MFSD2B,2
PAM16,2
ACTR2,2
INPP5A,2
REXO5,2
CFDP1,2
PALD1,1
RNF181,2
SP7,1
TTC32,2
TRIM50,0
ING4,2
CYP46A1,2
TRMT6,1
ELMO2,2
TRIP6,1
EIF3I,2
BMP3,0
RNF170,2
MYZAP,0
PLA2G2D,0
GPBAR1,2
EPHA1,1
UGT2A3,0
FGF13,0
LMX1A,0
GRAP2,0
TMEM198,1
AC097372.1,2
FMN2,0
ZSCAN31,2
ATPAF1,2
IL22RA2,2
FARP1,2
COX6B2,0
TRMT61A,2
HMGA2,1
ZNF436,2
KAT8,2
TLCD1,1
COL1A1,1
RMDN1,2
PBOV1,1
BICRAL,2
STAU1,2
URGCP,2
TMEFF2,0
ATXN7,2
ATP6V1C1,2
SCAMP3,2
DSG1,1
BEND3,2
TEPP,0
PHACTR3,1
CSMD1,0
ARHGAP10,0
CD7,2
SPATA20,2
BAIAP2L1,2
GJB4,1
ZNF670-ZNF695,1
KCNJ2,2
POLR2F,0
MPV17,2
DEF6,2
BTC,2
HMGB2,2
DEPDC5,2
MTHFD1,2
RPL10A,2
SOX4,1
NKG7,2
LCN10,0
AGBL3,2
SMARCD2,2
NCOA1,2
DNAJB9,2
TMEM98,2
DDIAS,1
ATP5I,2
CLCN6,2
CPM,0
CFL1,2
TMOD3,2
UGT1A5,0
ANKZF1,2
THEMIS,0
ABCA9,0
KCNAB1,0
NANOS3,1
CGA,1
LRRC55,0
GCDH,2
L3MBTL1,1
PDZD7,1
KNSTRN,1
S100PBP,2
GRM8,1
LTBP4,0
LRRK2,0
AKR1C4,1
LRRN4CL,0
HOXC12,1
HIST1H4B,1
DMD,0
C16ORF45,0
RAB3GAP1,2
BLZF1,2
GPR15,0
KLHL5,2
NYX,0
ANKRD13C,2
TPM3,2
FNDC7,1
FGD4,2
HTR1F,2
OIP5,2
MOAP1,2
IP6K1,2
TMED2,2
FGF12,2
S100Z,0
SMS,2
IDUA,2
SMIM28,0
DYNC1LI2,2
SEL1L3,2
SRR,2
CTXN2,0
CCND1,1
KCNJ15,1
ICA1L,2
NUDT19,2
C1ORF198,2
CEND1,0
OXR1,2
RNF212B,2
DBR1,2
EPHA2,2
EN2,1
SPINK4,1
YEATS2,2
OTUB1,2
GAPT,0
PTK2,2
SLC25A5,2
PRR22,1
ING5,2
MSH5,1
FAM13C,0
CEP250,2
HLA-DOB,0
SLC5A6,1
MAD1L1,2
MYBPHL,1
EMC9,2
CYB5D2,2
PIGV,2
CCDC106,2
MIF,1
HNRNPM,2
SLC39A11,2
ZCCHC2,2
PLD3,2
ADAM22,2
SDHB,2
SLC4A10,0
CLSTN3,2
KRT34,1
MMP25,0
C8ORF34,2
TMEM140,0
STXBP6,2
FOXG1,1
PIMREG,1
ADGRD2,1
DMP1,1
PSMC4,2
CASP5,0
CHGB,0
RETSAT,0
MLXIPL,1
PCBP2,2
DLEC1,2
BLNK,2
ADAMTS20,1
SPTBN1,2
EIF4A3,2
LYNX1,0
ZNF658,2
C2ORF80,0
NUF2,1
CDC14A,0
EME1,1
SERTAD4,0
IFNGR1,2
SH2B2,2
SERINC3,2
HSPB7,0
ZNF66,2
WDR38,1
SYNE4,1
C6ORF201,2
BOLA3,2
KIAA1257,1
LHX5,1
MLH3,2
CATSPER4,1
CD200R1L,1
CLK3,2
LRRC4B,0
ANLN,1
JAKMIP3,0
ZNF786,2
NRIP2,2
NKAP,2
AGAP4,2
KLF15,0
TNS4,1
ARHGEF1,2
CATSPER2,2
NARF,2
ECT2,1
VAMP4,2
PTPRT,0
TINAG,0
FBXW5,2
KRTAP3-1,1
WNT9A,0
ZNF282,2
FAM19A4,0
DLG2,0
SH3BGRL,0
ATP11A,1
GLYR1,2
ZNF219,2
RNF220,2
FRMD1,0
PDE4DIP,2
SLC15A2,0
MSLN,1
PHLDA2,1
RHOC,2
SKP2,1
RNF44,2
C10ORF113,1
FGD6,2
AP000275.2,2
POLM,2
TRDN,0
IL17C,1
RHOG,2
PPP2R5A,2
UCHL1,0
ZNF3,2
STK11,2
PLPBP,2
NDUFAF5,2
KLHDC4,2
KIF16B,2
RAB24,2
SLC25A12,2
ARID3B,2
GPR12,0
ZNF727,0
RAB11A,2
KRT17,1
USP53,2
DTD1,1
KIAA1683,0
TSGA10,2
FNDC9,0
TRIM21,2
LIME1,1
RPL5,2
AMDHD2,2
SMN1,2
SON,2
PCP2,1
AADACL2,0
HBQ1,1
ZNF83,2
TADA3,2
TAOK3,2
COL1A2,1
ALOXE3,1
PCDH20,0
PCSK9,1
TWIST1,1
TYROBP,2
BCL7A,2
ZDHHC4,2
GABRR1,1
NKD2,1
NCF4,2
PTPRU,1
ZNF585B,2
TSFM,2
ORAOV1,2
ZNF516,2
GJB5,1
TKT,1
NDUFV2,2
NUDT5,2
CCDC184,2
FOXC1,1
SORD,1
PTPRC,0
ACSL5,2
VAPB,2
NECTIN3,0
OLFML2B,1
HADHB,2
TRPV5,1
OSBPL9,2
CLCA4,0
NFATC1,2
SFPQ,2
TALDO1,2
KCTD10,2
MASP2,2
MORN5,0
C6ORF15,1
ACBD4,2
C21ORF91,2
TICRR,1
HR,2
GDPGP1,2
CUEDC2,2
TERF1,2
ZNF766,2
TENM4,2
MIDN,2
FOXRED1,2
RHBDF1,2
PRSS8,2
ATAT1,2
SND1,2
SKA1,1
NR1H4,0
KY,0
CA1,0
ARL6IP5,2
OR1Q1,1
NEFL,0
GBP2,2
ZDHHC15,0
APEX2,2
CAV3,0
AL513165.2,1
RASGRF1,1
PRL,1
TMCO3,2
LENG8,2
DHRS13,2
RPL31,2
PVR,2
FBXO6,2
PPM1H,1
ZMYM2,2
ATP6AP1,2
CACNA1H,0
KLK2,2
THOP1,2
REG4,1
ALG14,2
TCEA2,2
YIPF5,2
APRT,2
GSTM1,0
RUVBL2,1
KLRD1,2
CD63,2
SMC4,2
ST3GAL5,2
UQCRFS1,2
TYR,1
HHLA1,1
CRACR2A,2
PRPH2,0
SBF1,2
SEC23A,2
PCGF5,2
CRHBP,0
HEATR3,2
ACSM5,0
AGK,2
CLEC18C,1
PICALM,2
PRRC2C,2
CCDC183,2
CYYR1,2
PPM1D,2
FBLN1,0
HIST3H2A,1
FOXRED2,1
AP4M1,2
G6PC2,0
SPI1,2
PLEKHO1,0
STAG1,2
LMLN,2
FOPNL,2
AFP,1
KANK3,2
CCDC167,2
CAVIN2,0
ACSM4,0
PCDH10,0
NPR2,2
PTGER2,2
AKR1E2,1
PSMB4,2
CPSF6,2
RRAS,2
WNT11,1
AQP7,0
ZNF598,2
MRPL17,1
DMRTA2,1
MED19,2
CSNK2A3,2
PSMD7,2
SYNJ2BP-COX16,2
TMEM63A,1
RBFOX3,0
CDH11,1
INPP5K,2
ZSCAN23,0
AC138811.2,2
RAB42,0
ATP6V1D,2
STK36,2
SPDYC,1
ATP10B,2
TEF,0
EDRF1,2
AC010132.3,1
CBLN1,1
FDX2,2
MEP1A,0
SPNS2,1
TEX22,1
INO80E,2
BPIFB2,1
PLCL1,0
ZNF791,2
SSBP4,1
NUDT22,2
FLRT1,0
C15ORF59,0
ERLIN1,2
SNPH,2
NAA60,2
CDCA7L,2
DNASE1,1
TPH1,0
PSPC1,2
CLCNKA,2
AHCYL1,2
TSPAN1,0
GSDMC,1
SYNE2,2
DYRK4,2
AKAP9,0
NDUFA10,2
MRPL12,2
SPTSSA,2
TMEM115,2
IGFLR1,2
ARAP3,2
ZNF84,2
C9ORF135,0
TMEM167A,2
ZNF350,2
GGT1,2
DNPEP,2
RNASEK,2
KIFC2,1
DNAJC9,2
TNPO3,2
KIF1C,2
VPS9D1,2
AL139260.3,0
CTIF,2
ODF2L,2
SMIM10,0
CTSO,2
FUK,2
POLR1A,2
RMDN2,0
SPTY2D1,2
MTMR9,2
GNAT1,1
STK40,2
GPR183,0
RGS5,0
FBN3,1
MOGS,2
C3ORF20,2
UPK1A,1
IL10RA,0
PMPCA,2
FKBP1B,0
TRAPPC8,2
PACS1,2
MBOAT1,0
ITPRIP,2
ATP6V0D1,2
EPHA4,2
ASXL3,0
CUL7,2
SPRR2E,1
LGR6,1
MYOT,0
TSPAN31,2
TAS2R38,1
SP110,2
FAM3D,0
SNU13,2
UBR1,2
LRRC37A3,1
SGPL1,2
C19ORF68,2
ZNF524,2
SLC6A6,1
ZNF366,0
CSNK1G3,2
PHAX,2
ZFP3,0
ARHGAP20,0
ZNF540,0
DKK4,1
BRDT,1
CCDC153,2
MS4A4A,0
GAS6,2
TRPC3,2
ELMOD1,0
C11ORF24,2
PAPD5,2
MSRB3,0
CTSE,1
EVPL,1
BAIAP2,2
WRAP73,2
ROR1,0
QTRT2,2
CNTNAP2,2
DCDC1,1
GSPT1,2
SCLT1,2
HS6ST1,2
NME4,2
PVALB,0
TMEM217,2
DDO,2
CYBRD1,0
CDC34,2
PRC1,1
RIPK2,1
MYO3B,1
LSM14B,2
NHLRC3,2
ANKRD53,0
MAGEB17,1
GPR37,2
KCTD4,0
CTSB,2
TRPS1,2
PTGR1,0
LAMP3,2
MUC12,0
ST8SIA1,0
BLOC1S5-TXNDC5,0
CABYR,1
MAMDC4,2
BBS12,2
PHF21B,0
MIOX,1
LEPROTL1,2
C2ORF74,0
GAL3ST4,2
SMG6,2
TRIM74,2
C6ORF89,2
DPP6,0
KARS,2
PPM1J,1
MRPS36,2
DEFB124,2
LRP12,2
CPZ,2
BAALC,0
KL,0
TLK2,2
PSME3,2
UGT1A10,0
MAPK3,0
SNRPD2,2
SYCE1L,2
KCNS2,0
PM20D2,2
RUBCN,2
USP31,2
INO80C,2
EPB41L4B,0
PDXK,2
DFFB,2
SPINT2,2
NQO1,2
UBE2N,2
RCOR2,1
PLBD2,2
PXK,2
HMGXB4,2
PLXNA2,0
MTHFD1L,1
CD8B,2
PEX11B,2
BUB1B-PAK6,1
PCDHGB2,2
NMRK2,0
RAB3D,2
EFCAB5,2
OR51E1,1
C9ORF72,2
ISYNA1,1
KIAA1524,1
SUB1,2
RPS20,2
MGAT2,2
POLA1,2
UBE2A,2
MCRS1,2
OPRL1,2
ADGRD1,0
RIPOR3,2
SELENBP1,0
RAB44,0
TULP2,2
BAX,2
NCR3,0
RAB3B,0
CPNE4,0
BIRC7,1
CNNM2,0
TBX3,2
AL136295.5,2
FOXF2,0
ZNF274,2
RGS7BP,2
THAP8,2
SALL3,1
ECSCR,2
C21ORF58,2
CEP290,2
SLC27A2,2
FBXO40,0
NEIL2,2
ST7,2
EPS8L1,2
METTL7B,2
FZD10,1
ASIC1,1
COG1,2
ZNF385B,0
C10ORF35,1
TTLL7,0
VASN,2
DNTTIP2,2
ANKS4B,2
P2RY4,0
SAMD15,2
STX19,2
BDKRB1,0
MTURN,2
MRPS17,2
CCNJL,0
SOX21,1
1-Mar,2
ANO3,0
OIT3,2
ZSWIM6,0
HMSD,2
ARG2,1
C12ORF45,2
ZNF707,2
HSPB2,0
SYNJ2BP,2
MTHFR,2
GATAD1,2
MPI,2
TIGD4,1
ATE1,2
TPSAB1,0
ALKAL2,0
METTL2A,2
SERF1A,2
CDC42EP4,2
SKAP2,2
UTP11,2
Z83844.1,2
LRP1B,0
SERINC2,2
PXMP2,0
FAM155B,1
ATXN10,2
RASL12,0
GPR142,0
FAM81A,2
UBE2R2,2
ZFR,2
ANKDD1B,2
SLC14A2,0
STOX2,0
B3GALT5,0
MYH3,2
USP13,2
ZNF835,0
CPB2,1
PCDHB3,2
INO80B,2
MTMR2,2
PLA2G4B,1
TMEM131L,2
ABCC8,0
MMS22L,1
IQCH,1
MTMR3,2
FGF9,0
FAM229A,2
TMEM129,2
CPEB1,0
ZFP91,2
ATP6V1A,2
SFR1,2
USMG5,2
CENPO,2
CLDN23,0
ADRB1,0
WDR72,1
KIF20B,2
CEACAM19,2
SLC25A29,1
MGP,0
CFAP46,1
TMEM243,2
PPBP,1
COL6A6,1
MATK,0
HTR1B,2
SLC25A24,2
AQP8,0
KRT83,1
EGFLAM,2
TBXAS1,2
CCDC28A,2
ZBED6CL,2
EPYC,1
RUBCNL,1
SMIM14,0
ST3GAL6,2
YAP1,2
ACSS1,2
MEF2B,2
CALCB,1
DMAP1,2
AVPR1B,0
SOCS5,2
SLA,2
NONO,2
WFDC9,1
CCND3,2
SCAMP2,0
RNF32,1
ALG1,2
CENPM,2
OBP2A,1
CBX1,2
BTG2,2
PRPF39,2
DPH3,2
RNF126,2
SNHG28,2
NOP2,1
ACOX1,0
ANGEL1,2
SOBP,0
CD79B,0
SRD5A2,1
PNPO,2
CPSF4,2
SERPINI1,2
GNPNAT1,2
NMRAL1,2
CCNA2,1
CYHR1,2
KCNB1,0
SLC22A3,1
NDUFA4L2,1
SLC7A14,0
TRPV4,1
SMIM4,2
CPNE9,1
QKI,2
ASAP2,2
TSTD1,2
TPP1,2
PIGM,2
EDNRA,1
CIAPIN1,2
C6ORF120,2
ZNF260,2
GSK3B,2
FBRSL1,2
DAW1,1
8-Mar,0
RAD1,2
COL6A5,0
PRMT2,2
CCL19,0
LPCAT1,1
SVOPL,0
FGFBP3,2
DHRS4,2
C7ORF49,2
REEP6,1
ZNF441,2
SELENOT,2
GDPD3,0
AATF,2
SUSD4,2
FAM86C1,2
HKR1,2
CEBPB,1
KLRC4,2
ZNF225,2
IL23R,2
SRGAP2,2
HSPA4,2
MCM4,1
SLC4A11,1
XIAP,2
TMEM221,2
NDUFV1,2
NUMA1,2
DERA,2
RPL27A,2
RAB34,2
PSMF1,2
JARID2,2
CRYBG1,2
WDR66,1
DCAF16,2
CCDC107,2
AKR1B10,0
DGKA,2
LRRC46,1
ZSWIM3,2
RBAK,2
CYTL1,0
GZMK,2
NEFH,0
TEN1,2
SAR1A,2
UCP1,1
ASAH1,2
FAM217B,2
SPAG4,2
TLX2,0
SMIM18,2
WDR83,2
MALRD1,1
ATP5S,2
LRIF1,2
LMNTD2,2
TTC19,2
DUSP3,2
RPL22L1,1
TTLL2,2
PTGES2,2
GSAP,2
HEG1,2
CHST1,2
BRIX1,1
FEZ2,2
RAD52,2
SAP30,2
IGF2BP2,2
TMEM256-PLSCR3,2
ANO5,0
AC008687.4,1
B4GALT1,2
NOXO1,1
BCL10,2
SPTBN2,1
TNFAIP1,2
SLCO5A1,1
PBDC1,2
SGTA,2
CNBD2,2
CATSPERZ,1
SLC35B3,2
CPNE5,0
ZBTB16,0
NAA16,2
SLC4A9,0
ADSS,2
FAM156B,1
C5,2
YRDC,2
CYSLTR1,0
RPL29,2
PCDHB9,1
UXT,2
SRF,2
UQCRC1,2
YPEL2,2
RPS19,2
CLEC6A,1
COL12A1,1
IL17A,1
TRIM55,0
LRRTM2,0
HPGDS,0
EPB41L3,0
SSTR3,0
PRDX1,2
KIAA1549,1
PEX11A,0
TADA2A,2
SPOP,2
NUDCD1,1
TIMM29,2
SLC16A8,1
ENTPD3,0
IL17RE,2
SLC2A3,2
HSPA6,1
AL845331.2,0
MRPL10,2
FSD1L,2
POC1B-GALNT4,2
RNF213,2
ZNF511,1
HECA,2
RAPGEF4,2
RAVER2,0
BLOC1S5,2
FMNL3,2
ANAPC13,2
MRPL47,2
WTH3DI,0
POMGNT1,2
CENPU,1
WWOX,2
CEP72,1
NEURL1,0
ATG4B,2
ZNF148,2
ATP13A2,2
ZNF208,0
ZNF732,2
PCDH1,2
CACFD1,0
LY9,0
FER1L6,0
CD209,0
SCRN1,2
IER3,1
CARMIL1,2
SUSD5,0
S100G,1
AQP11,0
EPO,1
GADD45B,2
C2CD5,2
GAREM2,0
FCER1A,0
TIMM9,2
A1BG,2
XIRP1,1
AC068790.8,2
PRR4,2
DAP,2
LCP2,2
PPP1R14C,2
XAGE2,1
PKNOX1,2
KCTD11,2
TCTN1,2
BTBD9,2
FERMT2,0
PTTG1,1
ANKRD62,0
RNF10,2
PMPCB,2
PTPN18,2
TMEM50B,2
PIGW,2
FSIP2,0
SLC51B,0
LARGE2,1
PXDN,2
ADAD2,0
LRCH1,2
ZNF587B,2
ARSE,2
FGFR1,0
GSTM5,0
CSF3R,2
ZNF541,1
FNBP1,0
SPATA31E1,0
MELTF,1
FOSL1,1
HNRNPK,2
RANBP6,2
SH3KBP1,2
TPO,0
SLC38A7,2
EXOSC2,1
WDR97,1
TRAF3IP3,0
HOXC13,1
SEC61A2,2
COL19A1,0
PAX9,1
COX10,2
HSD11B1L,2
KIAA1614,2
T,1
HOXC11,1
YARS,2
PRB3,2
UBE3A,2
SERPIND1,1
LRRIQ3,2
VGLL4,2
SPA17,2
SYT15,0
ZC3H14,2
HS3ST3B1,2
KRT36,1
SMPX,0
CAPSL,1
TOMM70,2
NELFCD,1
TMEM160,1
PIWIL4,2
CD72,2
ACADM,0
ZNF579,1
DUOXA1,2
ARHGEF9,2
GPR107,2
GALNT16,0
GMFB,2
CCDC192,1
LMNB1,2
BBIP1,2
FOXD4L1,2
FAM98A,2
SLN,1
THY1,1
TESMIN,2
DIXDC1,0
FBXO18,2
SUPT4H1,2
OSGIN1,2
MVK,2
RHOB,2
SMTN,0
LARP4B,2
C8G,2
TREML4,1
BTLA,0
KLHL28,2
WDR88,2
PPP2R3B,1
SGIP1,2
DCTN2,2
PPP1R14D,0
PTPRN,0
CTNND1,2
MS4A8,0
RAP2B,2
RER1,2
METTL7A,0
CERS1,0
UTP14A,1
PPP1R15B,2
MYOZ2,0
PCBD1,2
AL512785.2,0
NRCAM,1
MAPK15,1
PLP2,2
PPP1R37,2
C8ORF74,1
NDUFB5,2
PRPF18,2
WDR41,2
ZNF704,2
TBL3,2
NEO1,0
WARS2,2
LILRA4,0
MAP3K14,2
PROKR1,0
ATP5EP2,1
LYPD5,2
ADAM19,2
RNF225,1
CSRNP1,2
KRTAP10-2,1
SMURF1,2
HEPACAM,0
HOXA6,2
SEMA5B,2
WFDC1,0
CHMP4C,2
SETD1A,2
FUBP1,2
CCDC74A,1
SCN3B,0
KIRREL3,0
XRCC2,1
PDPN,1
SLC6A14,1
PRR15L,2
ENGASE,1
TMEM151A,1
SRPK2,2
CHAMP1,2
VPREB3,0
AMMECR1L,2
USP36,2
ALDOB,1
PMS1,2
CCM2L,0
AOC2,2
CXCL11,1
TRIP11,2
ZZZ3,2
MFSD9,2
PLA2G10,0
UGT2B11,0
NAA50,2
TMEM56-RWDD3,2
TAS2R5,2
CHPT1,2
BOK,2
SLC2A4,0
AC005726.2,2
NR1I3,2
ABCD2,0
SDCCAG8,2
HSPA8,2
VAMP1,2
CASP2,2
WBP4,2
MVB12B,2
USP37,2
VRK3,2
CYP39A1,1
MYOM3,1
SPATA45,2
DHDDS,0
BMPR1A,2
TEAD4,1
CRLF1,2
DAND5,0
LRP1,2
MCTS1,2
NDUFS2,2
REN,1
SOWAHA,0
NEK5,1
HP1BP3,2
CRMP1,2
ACBD6,2
SLC10A3,2
TMEM205,2
ATG2B,2
USP38,2
TACR1,0
IL16,0
RAI1,2
PRR13,2
MICB,2
KATNA1,2
CD4,0
TMEM54,0
ODC1,1
PDGFD,0
MAGEC1,1
RDH14,2
MPP6,1
ZNF784,2
SOCS2,0
UTP4,1
AC099329.3,2
CDC42SE2,2
FGF14,0
EDF1,2
SMIM27,2
RNF111,2
CEP126,2
GAL3ST3,0
HCFC1,2
CAPN5,0
KANK2,0
RAD51AP1,1
DLGAP5,1
MCU,2
HPCAL1,2
SH3PXD2B,2
ABHD17C,2
RNF144B,2
COL4A3BP,2
CARNMT1,2
NCOA6,2
GTF3A,1
C11ORF45,2
FURIN,2
TCEANC,2
OR2L13,0
CARD9,2
ZNF572,2
DDX25,0
TMC7,2
INTS1,2
PICK1,2
TMEM240,2
KRTAP4-1,2
B4GALT2,2
ZNF697,1
UNC13A,2
OR1J4,1
SOAT2,1
KITLG,0
SLC20A1,0
GPNMB,2
CST5,1
CRP,1
CCNF,1
GPR20,2
SLC25A53,2
UGT1A8,0
KIAA1841,2
AP2B1,2
HS6ST2,1
TGIF2,1
BTNL2,0
ARHGAP9,2
GFOD1,2
IPPK,2
CAPZB,2
GATA2,2
RLN2,1
OSCP1,2
RXRA,0
SF3A3,2
PRKCD,2
HSD17B11,0
MTRNR2L1,0
EPSTI1,2
CCDC70,1
ZDHHC21,2
LANCL3,0
PLCXD2,2
LTBP2,2
CD24,2
GOLGA6L2,1
SYPL1,2
HMCN2,0
NOV,2
CAV1,0
RBM48,2
SFXN5,2
UFD1,2
CBFA2T3,2
OLFM3,0
ZNF444,2
KIF5B,2
GRIN3B,1
ATP6V1C2,1
CDK1,1
ARHGEF18,0
VAPA,2
RPL34,2
OSM,1
UQCR10,2
HSPA9,2
HRASLS5,0
MTTP,1
THEG,1
MAP1A,0
TCHH,2
SEL1L,2
ANKRD34C,0
FZD9,1
SLC25A16,2
MTFR2,1
SLC26A10,2
ZNF273,2
VWF,2
PADI2,0
ARIH2,2
ELP5,2
HIBCH,2
CSF2,1
NOL4,2
SIAE,0
CYB5B,2
MTAP,2
FCN3,1
KMT2E,2
RGS12,2
TREM1,1
TRIM59,1
UHRF1BP1L,2
FLNB,0
CLPTM1,2
CACNB1,0
GCH1,2
CCDC34,2
SLC47A2,0
COPS5,2
MPIG6B,2
BBS7,2
PAPSS1,2
KCNJ16,0
PPP1R12A,2
REV3L,2
ALDH2,2
FRMPD3,2
NR5A1,1
ZNF764,2
LAMA5,2
GATS,2
C4ORF33,2
LY6E,1
FOSL2,2
SGCD,2
AMER1,2
WDSUB1,2
NODAL,1
MYH2,0
TRRAP,2
DMXL1,2
FLII,2
PIGA,2
TMEM255B,1
TNFSF8,0
MCMDC2,1
PIR,2
KIFAP3,2
HACL1,2
ALG5,2
WFS1,1
EFHC1,2
FBF1,1
GAREM1,0
MTFR1L,2
DOK4,2
MS4A1,0
FRMD6,2
SNAP47,2
SETD6,1
CAPS,2
PHLPP1,2
UBR4,2
SLC30A9,2
PMP2,0
JADE3,1
LCN1,1
SH2D5,1
MORN3,1
RCAN3,2
NKAIN4,2
KIF15,2
AC004691.2,2
GRM7,2
EIF3H,2
SHMT2,1
PELI2,0
LIX1,0
C12ORF29,2
CLEC19A,0
CHIC1,2
KCNQ1,1
CBWD5,2
DOLPP1,2
LYPLAL1,2
CTXND1,0
ATG16L1,2
SUZ12,2
PARD6G,2
DLG1,2
ACOT1,2
SERPINE3,2
PGAP2,2
NPM1,1
POC5,2
PDSS1,2
LRP5L,1
NUTM2B,0
IRAK2,1
KDM1B,2
ZDHHC8,2
CT62,0
LAIR1,2
ZNF146,2
ADH1A,0
MTIF3,2
ANAPC1,2
GTDC1,2
GGH,1
CATSPER3,2
OTOA,0
NFE2L2,2
CTSF,0
RAF1,2
PFKFB3,2
NUP107,2
ZNF776,2
TELO2,2
NOP16,1
RGS18,0
E2F8,2
ABLIM2,1
ELOVL4,0
CLU,0
MTUS2,0
NEDD4,2
DYNLRB1,2
FAM193B,2
GOLGA8O,0
EIF4G1,2
POTEF,1
LPO,1
DNLZ,2
RARS,2
CDHR5,0
SPATA5L1,2
SH3PXD2A,2
KLHDC2,2
CASP3,2
CNTD2,1
AC026464.4,2
CALCA,1
SLC6A3,1
C16ORF58,2
PLPPR1,1
TXLNA,2
ZNF281,2
MAD2L2,1
YIPF1,2
NLGN4X,0
TAMM41,2
IMPAD1,2
CLIC3,1
KLK6,1
DNAJC27,2
ANTXR2,0
ACTL6A,2
DHRS1,2
MIGA2,2
SOX12,1
TTC17,2
IL17B,0
G3BP1,2
P2RX5-TAX1BP3,2
LIPA,2
NOD1,2
LSP1,0
FGFR4,1
GAS8,2
ECE1,0
AGAP3,1
PURA,2
KLF1,1
C10ORF128,0
MYBL2,1
DTNA,0
G0S2,2
GLRA4,0
SLC25A26,2
ALG3,1
PI15,0
RPGRIP1L,1
FAAP24,2
MRPL35,2
RNF141,2
PBRM1,2
ZNF503,2
LEKR1,2
OSGIN2,2
TUSC3,0
RHOBTB1,2
SULT1E1,1
CALM2,2
CTSZ,2
ACAT1,0
TFEB,2
STAT4,2
ZBED4,2
TFAP2E,2
TECPR2,2
C17ORF75,2
LUC7L3,2
KLRC4-KLRK1,0
SYT6,0
RARRES1,2
MAP2,0
DUS2,2
ATF4,2
ARHGEF37,0
GLB1L2,2
DHRS3,2
C2ORF88,0
ZNF813,2
SPEF2,2
MYO1D,0
GLG1,2
CYP2F1,1
CDC40,2
MFSD13A,2
FUNDC1,2
AP5B1,2
KLC2,2
ASIC3,1
ORM1,1
ZMYND10,1
KBTBD2,2
ATP1A4,2
HNF1A,2
THEMIS2,2
KRT27,0
CHIT1,1
AC135586.2,0
GRK5,2
FGD5,2
NME7,2
MECP2,2
DHFR2,2
ADRB2,0
HPD,2
ST3GAL1,2
ZSCAN4,1
POLR2I,2
SCGB1D2,0
SLC35B4,2
DEK,2
FOXN1,2
RAB7A,2
MRPL57,2
TMED3,2
ZBTB34,2
GH1,0
SGSM3,2
WDR47,2
EMC8,2
HNRNPA3,2
FAM219A,2
ST6GALNAC5,2
MYL6B,2
ATG101,2
ABCC9,0
PCMTD2,1
DCUN1D5,1
BYSL,1
ZNF280A,1
AC008770.2,1
TOMM40L,2
CCDC178,0
CKM,0
MT4,1
KIF12,1
ELOVL5,2
PDRG1,1
GADL1,1
TM6SF2,0
MED30,2
CLIC1,2
TAS2R14,2
STXBP5L,0
MMP24,2
TMEM229B,2
OSBPL3,1
GAB1,0
CLDN2,1
SYT12,1
KMT5A,2
MNX1,2
DCHS1,2
CDK12,2
PTPN6,2
TMEM39B,2
PLEKHH3,2
IVNS1ABP,2
AFF3,0
RIIAD1,1
TMEM164,2
KRT35,1
FAM57A,1
F7,1
TMEM120A,2
EIF4E2,2
LHFPL6,2
FLRT2,0
ZNRF2,2
GIMAP1,0
MPP7,2
ROCK1,2
SLC25A45,2
MAPK1IP1L,2
MAP7D1,2
LYPLA1,2
TMEM131,0
SPEG,0
UPK2,1
C1QTNF6,2
SEC14L5,0
SLC30A4,0
FAM53B,2
PHF3,2
UCHL5,2
PYCR2,2
ARF6,2
TTF1,2
ZNF701,2
FBXO11,2
COMMD2,2
TMEM200C,2
GON7,2
CTBS,2
PERP,1
GPR25,2
IRX6,0
SEC11C,2
ORM2,1
SLC30A2,1
NPY1R,0
NKX2-1,1
LCLAT1,2
DNAH3,2
MYH6,1
LIPK,1
NRP2,0
DDX27,1
NOXA1,2
INHBA,1
TSN,2
DPY19L4,2
MB21D2,2
PLOD2,0
PECAM1,2
MUC20,2
CD1D,0
TMEM213,1
CDC42,2
NKIRAS1,2
RDX,2
NEMP2,2
IQCB1,2
CRIM1,2
STK31,1
ZNF653,2
CAV2,2
MYH9,2
PI16,0
ZFHX4,0
ZNF740,2
C1QA,0
TMEM185B,2
FAM172A,2
CDH18,0
WIF1,1
PRSS33,1
RBP3,1
FAM184A,0
COA4,2
LASP1,2
SAP25,2
GPSM3,2
INCA1,2
PRKACB,0
THBS2,1
CXCL6,1
FOXI2,0
PTPN1,2
C9ORF84,1
TMEM171,0
SNX4,2
RPL21,2
GALNT9,1
TDP2,0
NSUN4,2
LUZP1,2
SLC12A2,1
MGAT4C,0
EGFL6,1
UGT1A7,0
GRINA,1
B3GAT3,2
LARGE1,0
P2RY13,0
CDR2L,1
CRB1,0
CNN2,1
FBXW4,2
DUSP1,0
RPL35A,2
NUDT8,2
ORC4,2
UNC5CL,1
DDRGK1,2
TLL1,0
DLK1,1
TREM2,1
SPOCK3,0
SLC3A2,1
EPPIN,1
ZG16,0
FCGR2B,0
C19ORF38,2
SH3BGRL3,2
ETS2,2
SPC24,1
2-Mar,2
KLF8,0
SRD5A3,2
AMER2,0
UNC45B,0
CSE1L,1
MAN1A1,0
FAM50B,2
ACVR2A,2
CD1A,1
TRIM73,2
ASB6,2
RNF19B,2
MMP9,1
SYF2,2
EFR3A,2
RGS9,0
METTL23,2
TMEM135,2
MARVELD2,2
PBX4,1
MRLN,1
ARRDC1,2
RBPMS2,0
RFTN2,2
TUBG1,2
CNOT9,2
NCOR2,2
CTSW,0
ZNRF1,2
CD300E,2
FOXH1,2
CECR2,1
TSPAN9,2
DMAC1,2
SLC47A1,0
TM4SF1,1
SARAF,2
RND2,0
ABCG1,2
CCDC15,2
FRAT2,2
CLDN1,1
EIF2AK3,2
TMEM220,0
AP2A2,2
TRMT2B,2
FOXS1,1
CD70,1
GTF2I,2
SH2B3,2
FAM9A,1
SNRPA,2
TMEM266,2
RINT1,2
NPW,1
AKAP4,1
DVL1,2
VPS45,2
ARG1,2
HYAL2,2
WDR76,2
ACACA,2
DMPK,0
DUSP19,2
NUTM1,2
TRIOBP,2
NCAN,0
GLYATL2,2
SGK2,0
ARNT2,2
TCF21,0
CDSN,1
SMAD2,2
SH3GL2,0
RUSC1,2
CTSH,1
DOHH,2
MRPL58,2
SLC22A11,1
SERPINF2,1
B3GNTL1,1
FAM25A,1
GMPS,2
MTA2,2
SIX2,1
PLEKHA6,2
CD38,0
DDT,2
ACSM3,2
GIN1,2
CD37,0
CLIP2,2
GINS2,1
TMEM151B,0
RASGRP3,2
PTBP1,2
CAAP1,2
RAET1E,1
HOXA9,2
CYP4V2,2
MT1X,0
RUFY2,2
SRSF7,2
FBXW12,1
SMG7,2
C8ORF33,2
SPP1,1
SAMD5,2
GAN,2
SLC5A1,2
DPY19L2,0
C15ORF52,2
GLYAT,0
KANTR,1
RHOQ,2
MORN4,2
KRT9,0
RHPN1,1
HBA2,0
BMP4,1
MCM6,1
P2RY12,0
TNNC2,1
VMP1,2
GEN1,2
SNX29,2
PPP4C,2
TAL2,2
THADA,2
POR,2
CCDC87,2
POU5F1B,1
MFN2,2
MAK,2
DNA2,1
C1ORF174,2
PTPRO,1
REXO4,2
ICAM5,1
S100B,0
DENND2C,2
CDX2,2
GDPD2,0
DROSHA,2
ABHD6,2
CMPK2,2
GNB4,2
EGLN3,2
CCDC13,0
LGI3,0
CLDND2,2
RNF2,2
GALR3,2
BUD23,2
NPIPB3,2
SLC7A6OS,2
PCDHGB5,2
FAM46B,0
ME1,1
NLRP6,2
C1ORF226,2
UBR5,2
SRRM2,2
SMURF2,2
SCAND1,2
SIX4,1
LLPH,2
HSF5,2
F3,2
USP33,2
BAZ1B,2
SLC22A2,1
HES7,1
PZP,2
SELENOM,2
NCR3LG1,2
B4GALNT4,1
KIAA2013,2
AL161911.1,2
PARK7,2
TRIM10,2
ABCF1,2
MINOS1-NBL1,2
ADCY2,0
NID1,2
CREBZF,2
SMIM5,2
GAPDH,2
NPIPB5,1
RAD51D,2
BANF1,2
ABCC3,2
ZNF277,2
CTNNBL1,2
METTL27,1
OS9,2
ZNF467,2
PEAK1,2
KRT78,1
DNAH10,1
MSX1,1
H2AFY2,2
FUBP3,2
EIF2AK1,2
MAP1B,0
MRPS18C,2
RAMP3,2
MAP1LC3B,2
GGN,1
PROSER2,2
PACSIN2,0
DSCR3,2
TAPT1,2
FGF3,1
SESN2,0
C10ORF67,1
SMC3,2
MCFD2,2
SNX13,2
PNOC,0
RRP1B,2
SIGLEC7,2
LRRN4,1
RPS28,2
WAS,0
CLSTN1,2
ATP6V1G2,0
FXR2,2
NOL6,1
UTP3,2
KPNA3,2
FAM120A,2
KDM6B,2
RRP7A,2
SLC36A1,0
CCDC80,0
FAM171A2,2
NEU1,2
YTHDF3,2
LYSMD3,2
ID3,2
AHSA2,2
HIST1H2BO,1
CMC2,2
KLK1,0
LCN12,1
ZRANB3,2
AKNAD1,1
FANCA,1
SLC2A11,2
TCEA3,0
C20ORF204,1
SNX25,2
GPR3,1
MGAT3,2
GOLM1,0
KNDC1,1
IFNLR1,2
ZNF423,2
CCT7,2
STPG4,1
NARS2,2
ALPP,1
SLX4,2
ADAM28,0
KIAA0895L,2
FAM19A2,0
ERI1,2
COL3A1,1
FOXD2,0
HECTD4,2
TPM4,2
TIMP2,2
CFAP73,1
HAND1,0
DIAPH2,2
ANPEP,0
SQOR,0
GPBP1L1,2
KLHL4,0
CD1B,1
ZNF165,2
NOC4L,1
MRPL34,2
EEF1AKMT3,2
KCTD12,0
GRIA4,0
NLN,2
SELENON,2
NCR2,0
TTC5,2
CCDC137,2
LCNL1,2
NPEPL1,1
DCLK2,0
PIP4K2A,2
DLG4,2
TMEM211,1
GSC,1
SLC29A3,2
ARMCX6,2
ZEB1,0
NBPF26,2
TCP1,2
CLDN18,1
EIF2S1,2
HLA-DOA,2
ZGLP1,2
SF3B3,2
KAAG1,1
VHL,2
CDHR2,0
PTGS2,2
ATPAF2,2
GLB1L3,0
TRMT2A,2
MTHFSD,2
FATE1,2
SERPINB1,2
SLC22A18AS,0
DNMBP,2
FBXO7,2
AL662899.2,1
PCDHGA9,2
ARL8A,2
C20ORF194,0
NGF,0
NUP35,2
CLLU1,1
EFL1,2
FAM189A2,0
CKAP5,2
UBE2E2,2
GPR135,2
CLTC,2
IZUMO4,2
DOK7,1
POLR2K,2
NCOA5,2
ABI1,2
ARID5A,2
LAMA2,0
TFEC,2
NUTM2D,0
RIN1,1
LSS,2
PIM2,2
MSMO1,2
SRGAP2C,2
TPI1,2
CLEC14A,2
RSPH1,2
ANXA2,2
PSMD14,2
WSCD1,0
ZNF93,2
CMTM2,2
ADAMTS6,1
AC025165.3,2
ACTC1,2
SDSL,2
ISM2,1
TMEM61,0
HSDL1,2
MICAL2,2
NMT1,2
AKNA,2
VAC14,2
UGP2,0
DPH7,2
ARMC6,2
FGF21,1
PRR35,1
STX10,2
SHC3,2
IRF4,0
PYDC1,1
PLA2G5,0
ABCA13,2
ABHD3,0
RITA1,2
RPL18,2
NLGN1,0
TRABD2B,0
FAM110B,0
CCDC8,2
CEBPZOS,2
DOLK,2
RDH5,0
CNTFR,0
BEND6,0
CALCOCO1,2
RPS8,2
WWC3,2
DDX49,2
MFAP3L,2
AQP2,1
PIEZO2,2
TDRD5,1
LXN,0
SH2B1,2
NDUFAF4,2
VASH2,1
ABCA6,0
TGM4,0
TCHP,2
LAMB4,2
RPL24,2
PDE3A,0
PAGE2B,1
GKN2,0
RUNDC3B,0
ANKRD1,1
PABPC5,0
FAM20B,2
C1ORF21,0
ST5,2
SERF1B,0
GPR137,2
KRT20,0
CCDC85B,1
CSNK1G2,2
NR2C2AP,1
SPATA22,0
CATIP,1
RBPMS,2
PIGS,2
SLC25A15,2
TANC1,2
ATP2A1,1
SH2D3A,2
PNMA8C,0
UEVLD,2
C1QTNF7,0
TADA1,2
LINC00116,2
DEFB4A,1
PRR7,1
TBC1D13,2
TFDP1,2
PNO1,1
AFTPH,2
PPP1R11,2
SIGLEC15,1
CBX2,1
SLC24A2,1
PATL2,2
MNS1,2
PDIA3,2
MOB3B,0
MAPK8IP3,2
TCP10,0
RFXANK,2
NAT16,1
RNASEL,0
LPAR2,2
HABP2,1
LRRC37B,2
DMBX1,1
ZNF23,2
MPL,2
EDN3,0
CEACAM5,2
COPZ1,2
JCAD,0
PLS3,1
TMEM156,0
BCL11B,2
RILP,0
NAP1L1,1
RANBP3L,0
OTULIN,2
USE1,2
BICC1,2
FAM227B,2
MSN,2
LRRN3,0
PMVK,2
NRN1,2
PIGU,2
MOGAT2,0
MBD1,2
DLAT,2
FEZF1,1
HMGCLL1,0
ZNF33B,2
LHPP,2
TAF15,2
TMCO1,2
GMIP,2
HLA-DRA,2
ZNF12,2
MOSPD1,2
RASA1,2
USP44,0
BICDL2,2
SERBP1,2
HIST1H4C,1
GORASP1,2
ZHX1,2
GAL3ST1,2
C1ORF210,0
DAPK2,2
VNN3,1
SLC5A11,0
DOCK2,0
SRRM5,1
SUGCT,0
KRTAP3-2,1
KCNK5,2
ELAVL1,2
FAM182B,2
IFIT2,2
TMPRSS3,1
RBFA,2
ZNF280C,1
JPH3,0
FLVCR1,2
DOCK4,2
RFPL4B,1
EIF2B1,2
INIP,2
PARD6B,2
PDZRN3,0
KIAA0391,2
INTS3,2
NF2,2
HSPA12B,2
ACOT2,2
MRPS31,2
LRTOMT,2
SDAD1,2
AHCTF1,2
LDAH,2
KDM4D,2
MUC16,1
GPR18,0
INPP4A,2
ATP5G3,2
CLVS2,0
STAC2,0
APH1A,2
KIAA1109,2
ENOX1,0
DPF2,2
DIRC2,2
ZFP69B,1
SERPINB3,1
C14ORF39,0
E2F4,2
KCNT1,1
AGMO,0
GALNT15,0
KCNMB1,0
FOXJ1,1
GCNT2,0
AKAP2,0
FAM229B,2
NLRC4,2
NOP58,1
PRPS1,2
PPP1R1A,0
ZNF134,0
AMBP,1
DCAF6,2
ASPM,1
MANEAL,1
AC068580.4,2
TMBIM4,2
DPYS,2
ROS1,0
CHL1,0
DALRD3,2
ANKRD6,2
GJA4,2
ZMIZ1,2
TMSB10,2
ZNF283,2
HSPE1-MOB4,2
CFAP53,2
ANXA6,2
C5ORF38,1
CCDC115,2
SRSF2,2
RNF7,2
TSPAN11,0
GRIPAP1,2
FAM200A,2
EIF2AK4,2
EPS8L2,2
COL6A2,2
CBX3,1
DNAH12,1
ZNF75D,2
ENPP3,2
FAM133A,0
HSD17B14,2
PSPN,2
GLI3,0
FRMD3,0
RINL,2
CNTNAP4,0
NEK4,2
CHRNA3,0
ASB8,2
ACTR5,1
TAGLN2,2
SLITRK4,0
KNOP1,2
RFX4,2
FDCSP,0
EFNB1,2
SUOX,2
PDHB,2
KLF7,2
ARSG,2
TDGF1,1
ARMCX2,2
CD163,0
LDLRAD2,2
TTC23,2
TLR7,0
EEF1D,2
TMEM179,0
CFAP70,2
APOD,2
MRPS5,2
C9ORF50,1
IL15RA,2
UNC79,0
CSTF3,2
EIF4B,2
TTC12,2
CSMD3,0
PKN1,2
PCDH19,2
CLECL1,0
EXPH5,2
PRR9,1
GLIPR2,0
CXCL17,1
CCDC81,2
CNNM4,0
RAB37,0
LRRD1,2
CHRNA4,0
USP30,2
HDHD2,2
FAM200B,2
ZNF182,2
FBRS,2
SDC2,2
SBNO2,2
SORCS2,2
RNF11,2
C16ORF95,2
PRTFDC1,2
C1ORF112,1
LAPTM4A,2
NRK,2
RFTN1,2
PDZD8,2
TBC1D4,2
RYK,2
USP2,0
CYP51A1,2
VCL,0
PLA2G4D,1
ADAM15,2
SLC32A1,0
SIN3B,2
PLPPR4,2
PRKACA,2
PALM3,1
TPPP2,0
C1QL3,2
SYNJ1,2
MICALL1,2
CNTD1,2
PNPLA1,1
BMF,0
CELA3B,0
PSEN1,2
ZFP82,0
CADM3,0
ANGPT2,1
NCK1,2
MEIOC,2
SLC16A12,0
FOXC2,2
IL3RA,2
PPP6R1,2
SLC4A4,0
HNRNPR,2
COLGALT1,2
RBBP7,2
E4F1,2
GTF2IRD2B,2
GSKIP,2
RPUSD3,2
HOXA13,2
MVP,2
ASTN1,0
APOBEC3D,2
PLIN4,0
SLC22A1,2
NAP1L5,2
SPON1,0
GTF2E2,2
POU1F1,2
PTGES,2
DAO,0
LCP1,2
MXD4,2
NSUN3,2
DDX60,0
ONECUT2,1
BLMH,2
IGSF11,0
SLC16A4,2
FAM111A,2
LARP4,2
SLC35C2,2
JMJD7,1
TSR1,2
POLR3F,2
ZDHHC24,2
ZMYM5,2
BRINP2,0
KRT38,1
RBMS1,2
MRI1,2
ANKRD31,1
PRKN,0
NAP1L3,0
SMAD7,2
HSPBP1,2
SULT4A1,2
NOC3L,1
ACTBL2,1
NPAP1,0
CEP164,2
LTB,2
ADPRH,2
NADK2,2
HDAC3,2
SENP1,2
DUSP27,1
MORC4,1
STRADA,2
CENPL,2
DCAF4,2
ITGA3,2
LIFR,0
NCS1,0
TNFRSF13B,0
B3GLCT,2
REXO2,2
ABL2,2
SERTAD1,2
UBN1,2
GAS1,2
CADM1,2
HMGN2,2
CUL1,2
CMBL,0
LINGO3,2
PCYT2,2
GLRX2,2
TSC22D3,0
CHST15,0
SMARCB1,2
HIST1H2AJ,1
HOXB5,2
AKIRIN1,2
ST8SIA6,0
SYNGR4,1
ZNF195,2
ARL4C,2
ZNF239,1
TNF,2
MUC6,1
COX18,2
SECTM1,0
FBXO39,1
BNC2,0
SLC40A1,2
RHBDL1,1
EFTUD2,2
SLX1A,1
ZNF160,2
APPL2,0
RETREG2,2
FAM163A,0
BMP2K,2
ACAD8,2
ZAR1,1
ERVMER34-1,1
AP004243.1,1
SP8,1
CCDC169,0
LYZL4,1
PTPN11,2
ORC2,2
CCL3,1
SLCO1A2,1
KLHDC8B,0
MIPEP,2
MGAT4A,0
C2CD2,2
TNFAIP8L1,2
MEPE,1
CIART,0
RCN1,1
CLMN,0
ING3,2
KRBOX4,2
TRMT10C,2
CEP19,2
PCDHA4,2
ACKR2,0
NAPEPLD,2
EMD,2
CD48,0
SERPINA5,2
RBM33,2
RPS13,2
GFRA1,0
XRN2,2
TMEM126B,2
BCL2L15,0
AMBRA1,2
UBE2D3,2
CALD1,0
MINDY1,2
OSTM1,2
LY75,2
CCDC191,2
WDR59,2
C9ORF57,1
SRPK3,2
CCL4,2
SLC22A13,2
HCN2,2
HNMT,2
ZNF175,2
HAUS5,1
SLC4A1,0
SMARCAL1,2
GNL3L,2
PIAS1,2
TAS2R3,1
HILPDA,1
TIA1,2
INSL4,1
PYCR1,1
SLC13A3,1
MXD3,2
PPP1R26,2
GPR19,1
RNF208,1
AKT3,0
AC008878.3,0
FAM153A,0
PTPRS,2
EGFR,2
GGPS1,2
PLK3,2
ZNF789,2
MLLT10,2
GFI1B,0
DOCK1,2
LRRC57,2
TRPM8,1
EMG1,2
ATAD3A,1
BANK1,0
CHRM2,0
GPR174,0
BECN2,1
PREB,2
C4BPA,2
DNASE1L1,2
POM121,2
PFDN1,2
WDR45B,2
ABCC6,2
FBXO47,1
IL18RAP,2
DOK3,2
IL20,1
TTI1,1
FAM83C,1
RNF8,2
CCNE1,1
SPARCL1,0
TRUB1,2
CDH26,2
PPP4R3A,2
BRCA1,1
EPC2,2
EFCAB7,2
TEKT1,1
CLIP1,2
CHST9,0
KCTD19,1
UGDH,0
CCDC3,2
AC009014.1,0
HNRNPL,2
SPTBN5,1
TRUB2,2
AHNAK,0
ZNF432,2
KLRC1,0
ZNF783,2
TVP23B,2
NGDN,2
UTP18,2
RGS20,1
NTSR1,0
SYT5,0
ANKHD1-EIF4EBP3,2
ITSN1,2
CRYBA2,0
KIAA0556,2
TUBA1A,0
PGM1,0
ARHGEF5,2
KMT5C,2
NKX2-2,0
RIC1,2
MALL,0
NT5C3A,2
ADAP1,2
BRF1,2
PELI1,2
ZNF606,2
CDK20,2
MYOZ1,2
PCDHB1,0
MYLK3,0
MAD2L1,1
HSPA1A,2
NUPR2,0
KAT2B,0
SRRM3,2
KLK8,1
CLDN5,0
PSMB9,2
CCL24,1
MRPL45,2
ZCRB1,2
NRM,2
IGSF9B,2
MYOZ3,0
STK26,2
HAUS6,1
PGM2L1,2
HIST2H3D,1
PAFAH1B2,2
CD19,0
BUB3,2
ASB2,0
MYL12B,2
LUM,2
ZNF69,2
MTRNR2L13,0
TBR1,1
USH1C,2
C18ORF8,2
GRIK3,0
GULP1,2
TEP1,2
ACVR1C,0
HSF4,1
FBXO5,2
CENPW,1
APBA1,0
ZNF587,2
CD180,0
RASL10A,2
SEC61A1,2
PDZK1,0
SLC13A1,0
GPR31,0
APBA3,2
RELN,0
DSCC1,1
UBAP1,2
MS4A2,0
MSX2,1
C11ORF65,2
RPS25,2
MORC2,2
ACADL,0
OPCML,1
ATG5,2
KMO,2
SH2D1A,2
AMIGO3,1
HIST2H4A,2
SHROOM3,0
TRIAP1,2
RPP30,2
POLR1D,1
NLRX1,2
FKBP9,2
FBXO43,1
PPWD1,2
POU3F3,0
KNL1,2
SPINK5,0
HMGCL,2
TEC,2
HUNK,1
BICDL1,1
AHCY,1
ATL3,2
UACA,2
MX2,2
MED7,2
GRHPR,2
IL24,2
FAM72B,2
HTR3B,0
ACTN2,2
CCDC24,2
TTC34,2
TRIM3,2
CDKAL1,2
FAM110C,2
ZNF404,2
ATF2,2
ENPP1,0
SMARCC1,2
OBSCN,2
TCERG1L,2
TBC1D10B,2
PTGER4,0
KLK12,1
GSE1,2
RBCK1,2
ZNF205,2
PRRX2,2
TSPAN14,2
FAM178B,1
DENND5B,0
PITPNC1,2
HOXB6,2
DRC1,1
ZNF850,1
CUZD1,2
KRBA2,2
ERC1,2
ZNF671,0
PCBD2,2
WDFY3,2
ELP2,2
MAGEE1,2
FRS3,2
ZNF43,2
TSHB,0
SBF2,2
VWCE,1
SPRR3,1
C8ORF76,2
HACD4,0
NT5DC2,1
GCG,0
KRBA1,2
DPAGT1,2
PHF13,2
UBE2D4,2
POU6F2,1
UBFD1,2
CMTM4,2
PSPH,1
PSORS1C1,2
PGA5,0
PSMC3IP,2
E2F1,1
RCC2,2
EIF3L,2
GPC4,2
C12ORF66,2
MDC1,2
MYL9,0
ZNF398,2
THOC7,2
PADI1,1
POLR2J,2
PIAS4,2
MON2,2
BCL2L1,2
SPTBN4,0
SBNO1,2
BST1,0
HYAL3,1
WFDC3,1
DDX41,2
SYN2,0
LSM4,2
ABCD3,0
MITF,0
IGFBP3,2
MRTO4,1
ANKRD13B,1
UTP6,2
CD33,0
CNPY3,2
OR2A7,0
NME2,2
PCGF6,2
TNFRSF13C,0
C11ORF58,2
TACR2,0
PIH1D2,2
TTL,2
GPN2,2
TPSD1,0
DUSP21,0
NELL2,0
EFNB2,2
OCLM,2
GLOD5,0
RIPPLY3,1
LDB3,0
PRSS56,1
RTN1,0
SOWAHB,0
AC119396.1,0
KIF5C,0
SMARCAD1,2
TMEM184B,2
KBTBD8,2
FAM69B,2
MMS19,2
HSPB11,2
MAP6,0
ASCL2,1
STK4,2
TRAM1L1,2
MFSD7,0
CCDC28B,2
ZFPM2,0
SORBS2,0
ARHGAP11B,2
RTL3,0
LY6G6E,1
MARC2,0
OMD,0
BTBD16,1
CCPG1,2
SYTL4,2
CSNK1A1L,1
PRSS45,1
FRYL,2
PI3,2
HDAC4,2
VTA1,2
TAF7L,2
RPS21,1
NOLC1,1
DVL3,2
UBQLNL,2
CHD1L,2
NEK2,1
POM121C,2
UPK3A,1
EIF2AK2,2
RBP4,1
IL17D,2
RAE1,1
SLC25A34,0
RAB36,1
PPP4R1,2
DEFA6,1
HSPA1B,2
ATOX1,2
GMEB2,2
ABCB6,1
CEBPA,2
GLUD1,2
ACTR10,2
STARD3NL,2
EMC10,2
MOSPD2,2
SPX,0
COL24A1,2
ALS2,2
PITRM1,2
PDS5B,2
MFSD5,2
CITED4,1
PRR15,2
ISX,0
BARD1,2
ECI2,0
NR3C2,0
DDX18,2
KLHL25,2
FABP1,0
SYCE3,1
COASY,2
AQP3,1
TNFSF14,2
CA7,0
ADGRL2,0
HSP90B1,2
LIN28B,1
TAF1L,1
UBE2S,1
ABCB5,0
IL1A,1
PRKCA,2
C17ORF50,2
ZNF316,2
TNS1,0
C1D,2
ANXA3,1
SCG2,0
FAM184B,2
RNF167,2
IL11,1
GSG1,0
PP2D1,2
SHB,1
POU2F2,0
SUPV3L1,2
LRRC61,2
ZNF616,2
CTRC,2
PLXDC2,2
BACH2,0
P2RY2,2
AZIN2,2
FBXO3,2
BRICD5,1
MACC1,1
NCBP2,2
KATNBL1,2
SLC25A14,2
CDHR3,2
KPNA2,1
AP3B1,2
F2RL1,0
ELAC1,2
USH2A,1
STX3,2
TRIM37,2
MRPL53,2
FAM19A3,2
CCT4,2
CTHRC1,1
TJP2,2
PSAP,2
ITM2A,0
KCNH3,2
PTEN,2
ZNF559,2
RAB6B,0
BANP,2
FIP1L1,2
ABCD4,2
ESPN,0
RALBP1,2
CDAN1,2
PROX1,1
PRR5,2
MRPL19,2
ZNF121,1
YTHDC2,2
CNTN1,0
WDR17,0
GPC1,2
GLRX5,2
PDE9A,0
RAP2C,2
SLC44A2,2
FAM120C,2
FUT4,2
YAF2,2
PPFIA4,1
ZSCAN10,1
SLC25A10,2
VSTM1,2
SMAD5,2
SELENOP,0
CCDC150,1
RPAP1,2
LYRM4,2
TBC1D8,2
UBE2V2,2
GRK7,2
DESI2,2
DPPA4,1
CHD4,2
CELSR1,1
TMEM44,2
AL160275.1,2
RHOT1,2
ADGRE5,2
GP9,0
SIX3,1
DIP2A,2
DTYMK,1
FAM212A,2
MYO5C,2
FNTA,2
MMD2,0
WDPCP,2
PGLYRP3,1
CD276,1
ANKK1,1
MZF1,2
OAS1,2
POLR3G,1
VSX1,2
DSC3,1
RFC3,1
CNNM3,2
SLC39A10,1
CC2D2B,2
PFKM,2
CREG2,1
S100P,1
ANKRD44,2
CRTAM,2
KCNH4,1
MAN1C1,0
PDGFA,2
CPN1,1
FANCL,2
L1TD1,2
PPM1A,2
CLPTM1L,2
MMP27,0
GMEB1,2
RAX,1
NUP62,2
SH3RF3,2
BOLL,1
QSOX2,1
RGL3,1
PDGFB,2
XKR5,1
DIRAS1,0
SKA2,2
P4HA1,2
BAD,2
GALNT6,1
TTLL5,2
AZIN1,2
PNMA8A,0
ORC5,2
CUL3,2
STAC,0
ERAL1,2
ZNF502,2
RHNO1,2
MIA,1
A2M,0
EFEMP1,0
BGN,1
CLNK,2
MINOS1,2
SPATA5,2
BCAM,2
FOXD3,0
CD2,2
KIAA1211,0
GSTO2,2
SNCG,0
CRYZ,2
TMEM200B,0
BMP5,0
RPL3,2
ZNF99,2
PCOLCE2,0
BTBD10,2
WSB2,2
LGI1,0
FADS2,1
TMEM9,1
FMO2,0
SUGP2,2
GIF,1
SLPI,2
GRIA3,0
SOX2,1
PAX5,0
FKBP14,2
MERTK,2
CXCL1,1
CPLX1,1
CIT,1
CTLA4,1
CDC27,2
LEO1,2
TXNDC5,2
RAD18,1
CYSLTR2,0
CPB1,0
ARID3C,1
LYST,2
ASPG,0
EAPP,2
SP100,2
FBXO48,2
HES2,2
SCARA5,0
ATP6V0B,2
PURG,2
LAG3,2
RSPO3,0
DOK2,2
AFG1L,2
XRCC1,2
CASQ1,0
TRMT13,2
MTRNR2L12,0
CCDC39,2
TMEM231,2
SCNM1,2
DUSP14,1
ZXDB,2
AP000781.2,2
PLAC8,0
CBLN2,0
MDM4,2
SSBP3,2
PDX1,1
ROBO3,2
FABP4,0
SLITRK3,0
GEMIN4,2
C16ORF72,2
KRTAP5-1,1
STRAP,2
SS18L2,2
KRT1,0
SSR1,2
LBHD1,2
JAM2,0
FBXO42,2
CDC20B,1
DNMT1,2
APIP,2
WDR64,0
TCAIM,2
CCS,2
MIPOL1,0
TRIM6,2
RNF6,2
FZD5,2
CCDC129,0
IFFO1,2
IRGM,2
ILF2,2
SEPT12,0
SPEN,2
BFSP1,1
WISP3,1
EVA1B,2
HUWE1,2
G3BP2,2
LIPC,0
TRIM9,0
GPR17,0
CCL20,1
CCT3,2
LMBRD2,2
REEP1,0
TCFL5,1
USP6NL,2
AMZ2,2
RAD51C,2
GJC2,2
MAP3K2,2
ORC6,1
GIPC2,2
NDUFAF2,2
FSTL3,1
PRSS3,2
IDH2,2
SLCO4A1,1
SURF1,2
ERMAP,2
HSBP1L1,2
COQ9,2
ESCO2,2
ZBTB41,2
MCF2L2,0
TRIM69,2
C8ORF44,2
GNAO1,0
USPL1,2
CFAP54,0
ATP6V0D2,0
S100A9,2
MDM2,2
POLL,2
SOHLH1,1
NFYC,2
SH3BP5,2
HEXIM1,2
TNFRSF25,2
LGALS9C,0
MAGEE2,0
FAXDC2,0
MTERF1,2
CA5A,1
TCP11L2,2
GPR65,2
CDV3,2
FBXL2,2
MUSTN1,2
COL7A1,1
URI1,2
NHLH2,1
RBP7,2
IL2RB,2
LINC00890,0
DUSP2,1
PIAS2,2
FLAD1,2
NEURL1B,0
IDS,2
HS3ST6,0
ADAM8,1
CDC20,1
C1R,2
CTF1,2
IMMP2L,2
WASHC5,2
DONSON,2
HIPK3,2
ESM1,1
HS3ST1,2
CDR2,2
HCFC2,0
STX17,2
PPCS,2
UBL3,2
STT3B,2
RPS5,1
CGB5,1
IFFO2,2
DTX2,2
SORCS1,0
CASP7,0
HOXB4,2
RHEBL1,1
RECQL4,1
SLC35B1,2
HHAT,2
CRTC2,2
PXN,2
GLRA3,2
UMODL1,1
SMIM22,2
ACHE,2
PLA1A,2
LETM2,2
PCID2,1
ANKRD16,2
GALR1,0
SYDE1,2
POLE2,1
PIH1D1,2
SPAG9,2
BCL2L14,2
TGFA,2
EVX2,0
CCDC157,2
SOX18,2
ZDHHC20,2
GPR78,1
OLAH,1
MAB21L1,0
TULP4,2
PRRX1,1
DZIP1,0
FNDC5,2
FLT1,2
CPQ,0
CLCNKB,0
NID2,2
CAMK1D,0
ECM1,2
CEMIP,1
PORCN,2
CHN1,2
ZNF778,2
ABI3BP,0
PAN2,2
MAP2K5,2
STMN1,2
ADGRG7,0
WRN,2
FAM102A,2
TNS2,0
FAM107A,0
ZNF250,2
DUSP23,2
C4ORF50,2
ADORA1,2
CHRNA7,2
SETX,2
PMCH,1
TMEM105,1
GRM6,2
CD244,2
KREMEN2,1
C14ORF80,2
CAPN13,0
APC,0
ZNF782,2
RAD54L,1
GPR119,0
LRP5,2
DNAJB13,2
TNFRSF12A,1
TACSTD2,1
RABGAP1,2
SIGLEC10,2
MUSK,0
HS3ST3A1,1
TACO1,2
ETS1,2
SEC23B,2
RBP2,1
GAB2,2
NT5DC3,2
PPM1K,2
HORMAD1,2
SLC25A6,2
ADPRM,2
MAPK9,2
DUSP15,1
ZNF181,2
COG2,2
KLF2,2
SNAPC4,2
SCN3A,0
AEBP2,2
SERPINB5,1
EXOSC7,1
GCN1,2
DEPDC1,2
CENPF,1
LRRFIP1,2
PDE4C,0
CST1,1
ACP4,1
PRRG2,2
PUF60,2
SRCIN1,1
NKRF,1
METTL25,2
KCNAB2,2
HYDIN,1
RTP3,1
EPPK1,2
MCM2,1
EXOC1L,1
PCDH9,0
ZHX3,2
CFAP161,1
GABBR2,2
FBXW11,2
ENPP2,0
DNAH10OS,2
RAB27A,0
EIF1B,2
GZMA,0
TAT,0
TUBB6,0
CDH1,2
RASA4,2
CLN8,2
DHRS2,1
GCFC2,2
IL33,2
MYD88,2
PIK3R1,2
NUDCD3,2
NDRG1,0
WNT1,2
TM4SF4,1
KCNA2,0
NOVA2,2
KISS1,1
ZNF264,2
RADIL,0
ZNF584,2
CLTB,2
BBOX1,1
NBPF14,2
GXYLT1,2
MAL,0
TMEM52,1
SLC25A22,1
TINAGL1,2
ZNF138,2
ERP27,1
DENND5A,2
CBX6,0
SEM1,2
IFITM2,1
SNX32,2
PLCXD3,0
RBM28,1
ADAMTS12,1
FANCD2,1
TMEM89,2
PCDHB7,2
GPT,0
MAP3K12,2
ATP2B3,0
PDF,1
CDK19,2
C1GALT1C1,2
CLEC4E,2
DDX56,1
GOLGA6L9,2
TMEM182,2
PGRMC2,2
FFAR4,2
VARS2,2
KCTD13,2
TUBD1,2
E2F7,1
PDCL2,1
LACTB2,2
SPATC1L,2
SMLR1,1
EXT1,2
HTRA2,2
KRT71,1
COL4A5,0
C19ORF81,1
WDR45,2
LINGO4,0
MED11,2
PAK1IP1,2
RASSF8,0
TNFRSF21,2
RBM23,2
PLCD4,0
TIGD5,2
DXO,2
TGFBR3,0
C16ORF62,0
OGT,2
C20ORF85,1
RUFY4,2
PIEZO1,2
PACSIN3,2
DSP,2
HOXA11,2
RPSA,2
BMP6,0
RAP1GDS1,2
NXF3,1
CASTOR2,2
PTDSS1,2
PCDH17,2
PRKAA2,0
MRPS30,2
SELENOI,2
CATSPERB,2
IRF2BPL,2
ECHS1,2
RPLP2,2
EIF3C,2
GNG12,0
CDC6,1
ARPP21,0
STRC,2
EP300,2
SUPT3H,2
SNX9,2
MIER1,0
GSTM2,0
ZMAT4,0
ZFP69,2
ARHGAP17,2
PCDHA3,0
ERBB4,0
AL110118.2,2
SMIM26,2
REG3A,1
AADAC,1
ZNF600,2
MAATS1,2
CDT1,1
ACSBG1,2
PGP,2
KAT5,2
LBX2,1
RPL23A,2
CCR3,2
JMJD7-PLA2G4B,2
CCDC57,2
GTF2H1,2
SPATA2L,2
MAX,2
SLC22A15,1
SMAD4,2
CTNNBIP1,2
CDCA7,1
DDX19B,2
NAA10,1
ANKRD20A1,0
MRPS11,2
RGL2,2
SZT2,2
VGLL3,0
KRT5,1
SMARCA4,2
IL1B,1
DGKH,2
VARS,1
MRPL20,2
CCDC88B,1
CTSD,2
SENP8,2
RACGAP1,1
CMC1,2
UGT1A3,0
DACH1,1
PF4,1
HIST1H2BD,2
SAPCD1,1
HPDL,1
RIBC1,2
LRRC17,2
MPHOSPH10,2
STMN4,0
FOXA1,2
ITGB8,2
SLC25A35,2
C9ORF40,2
OR2AG2,2
SPHKAP,0
TNFSF12,0
HLA-DPA1,2
DOPEY1,2
ARL13B,2
DHRS7,2
MED25,2
LYN,2
TMEM59L,0
DNTTIP1,1
EIF3E,2
MT1F,0
TTLL4,1
NDUFA7,2
SLC13A2,0
FPR1,2
RAD9A,2
IFT52,2
ACOT9,2
KIF26B,1
MEN1,2
ZFYVE28,0
MYH7B,1
UFSP2,2
SIDT2,2
ALDH1B1,2
C6ORF203,2
OR5K2,0
CCDC73,2
CSTF2T,2
LST1,2
MMRN2,2
ANAPC7,2
FAM129C,0
IL4R,2
P2RX1,0
CAPRIN1,2
COQ7,2
ZNF354A,2
EWSR1,2
DDOST,2
POGZ,2
TUSC5,0
FSCN1,1
FOXJ2,2
ATAD2,1
FOLR2,0
DNAJC1,2
AQP9,1
AL049839.2,0
MS4A15,1
COQ10A,2
RASAL2,2
PKD2,2
ACSM2A,0
IMPA1,0
GNG2,0
LARS,2
LSM12,2
ERH,2
BEND4,0
TMIE,0
TUBB3,1
UBL4A,2
XRCC4,2
GNAZ,0
SPATA32,2
STXBP3,2
ASPSCR1,2
USP34,2
NSD2,2
ZNF251,1
PRSS22,1
BBOF1,2
PDE4D,0
EPHX2,0
SEC16B,2
RAP1B,2
TMEM39A,2
CHRM5,0
ZNF385C,2
SMIM31,0
GUCA2A,0
ADIPOQ,0
CHCHD6,1
CPNE1,1
RBM38,2
SERTM1,0
ARMC8,2
TRIM29,1
C19ORF73,2
SART3,2
RPL7A,2
GEMIN6,2
SASS6,2
YY2,1
CSAG1,1
LEMD2,2
CDKL2,0
SCAMP4,2
FAM46C,0
THUMPD2,2
LRP2,1
CYP20A1,2
HCAR1,1
TH,1
TMPRSS13,1
TAF1C,2
ATP5C1,2
LRIG3,2
AURKA,1
TICAM2,2
SLC45A1,2
BST2,2
C17ORF51,2
ATP2A3,0
MTA3,2
RNF150,0
MMP11,1
IL1R1,2
LHB,1
UNC5C,0
HIGD1A,0
HIBADH,2
C5ORF34,1
SLC22A12,1
AMELX,1
OFD1,2
SMARCD1,2
GABRB1,1
MPLKIP,2
LOXL2,1
SMAD6,2
CA2,0
C18ORF32,2
DCAF5,2
IGLL1,0
APTX,2
GOT1,2
SLC50A1,2
RBM3,2
ANKRD13D,2
CTNS,2
FGF10,0
NOL3,2
GFRA2,0
C12ORF49,2
ABCE1,2
AGBL5,2
CAMK2B,2
RELB,2
WDR34,2
IWS1,2
INTS13,1
FYCO1,2
BTN3A2,2
ZNF30,2
SMIM12,2
AC090004.1,2
APMAP,2
COL5A3,1
PKP4,2
DNAJB7,2
MSH4,1
FAM104A,2
TRIM28,2
PRR5L,0
SEC31B,2
ARNTL,2
MEDAG,2
HOOK3,2
DDX55,1
RAI2,0
BCL9,2
ZC3H15,2
TRIM25,2
MCOLN3,2
FAM76A,2
ELK1,2
HAX1,2
CXXC5,1
POM121L2,2
AP3B2,0
ZNF709,2
AP4S1,2
DEFB1,0
TMEM189,2
NEDD9,0
FJX1,1
HIST1H3J,1
AL121845.3,1
MMP20,1
DEPDC1B,1
FBXO17,2
CERS5,2
ACER3,2
EFNA5,0
RDH12,1
PSD2,2
ZFPM1,1
HGD,0
BOLA2B,2
SNRNP200,2
ZNF416,2
CCDC181,2
SLC30A8,0
COPZ2,2
TRMT1L,2
RBM15,2
ZNF131,2
ITIH5,0
LIMK1,2
ACSF2,0
BFSP2,0
ST14,2
RD3,0
UBE2E1,2
TRIM32,2
ZNF556,1
PPP4R4,2
ITPKB,2
FADS1,1
SLITRK2,0
C8ORF89,2
BCKDHA,2
CTRL,2
GPER1,0
RNF114,2
GPR82,0
TLR5,2
TIGD2,2
CST11,1
RBM47,0
GPR75,2
SLC5A7,0
ADORA2B,2
TARDBP,2
RNF113B,1
DNAH17,2
TCTN2,2
RPL30,2
GTF2E1,2
TYRP1,0
HAMP,1
ABO,0
METTL5,2
AMER3,0
EFNA4,2
RPL8,1
MPP4,1
AANAT,1
CYBB,2
LRGUK,2
SPATA7,2
FUCA1,0
AVPI1,2
GSX1,1
PRSS12,2
AHI1,2
DHRS7B,2
RDH16,1
KIF1B,2
L2HGDH,2
PPP1R36,0
POC1B,2
CENPH,1
STYK1,0
RFC2,2
TEKT2,2
SLC39A14,2
PUS1,1
AVPR2,2
SAMD4A,0
ADAMTSL4,0
ZNF430,2
ADCK2,2
INAVA,2
CWH43,0
FAM114A1,2
CYTH4,2
COX7A1,0
SLC25A18,2
SLC2A7,0
NAGS,2
C1QB,0
FGA,1
SRSF9,2
CALB2,0
BTN1A1,1
TRPM5,2
FGL2,0
EAF2,0
DOK6,2
TMPRSS2,0
KRT75,1
AQP5,1
UQCC3,2
SLFN12L,2
LCMT1,2
HADHA,2
LINC00672,2
PLK1,1
ACR,2
RHOT2,2
IL20RB,2
PLA2G4E,1
ZFAND4,2
PTRH2,2
GNB1,2
PDSS2,2
DHH,2
LRRC3B,0
AC040162.1,2
EFCAB13,2
FAM167A,2
QRFP,2
STX6,2
MROH6,1
KIF13A,2
DUSP18,2
WDR11,2
JPT2,2
FES,2
PPP1R13B,2
OR4C6,1
EFCAB1,0
ERVV-2,1
RBM26,2
GREB1L,1
EMC3,2
ACP1,2
SPACA6,2
KIAA0319L,2
ARFRP1,2
RABL2B,2
KISS1R,1
ZDHHC16,2
GNB1L,1
ABHD14A,2
PRPF6,2
TMEM254,2
CALML6,1
LY86,0
CYP8B1,0
CLDN7,0
APOBR,0
ABCC10,2
ZNF514,2
PLPP4,1
SLCO1C1,0
ZNF628,2
NACA2,1
ARPC4,2
IL18,2
ERICH4,1
DLG5,2
FBXL19,2
MAP2K2,2
ERGIC2,2
RNF5,2
PRR19,1
APOBEC3C,2
LSM5,2
PPP5C,2
ENO2,2
MUC13,2
FANCF,2
RPAP2,2
MKRN2,2
ATP6V1E1,2
VPS25,2
MEGF9,2
OR2T8,0
ATP9B,2
RASL11B,2
KDELR3,1
SPTAN1,2
EVC2,0
PITX1,1
TMPPE,2
SLC43A3,2
NIM1K,0
PSMA7,1
CSNK1D,2
GBX1,1
SPON2,1
CYP26B1,0
N4BP1,2
RIMS1,0
TESC,1
VWA5A,0
GPANK1,2
CCL25,1
TMED5,2
MYOCD,0
SRPRA,2
ZNF625-ZNF20,0
PKMYT1,1
PAN3,2
INTS2,2
ADH1C,0
CLDN11,0
GOPC,2
ADRA2A,0
CDH19,0
DNASE1L3,0
NECTIN4,1
GLMN,2
SIGLEC14,2
TRIM34,2
HIST1H3E,0
ARPC5L,2
PUSL1,1
ZNF667,0
SAMD4B,2
DERL2,2
MAPK7,2
TMEM88B,1
TMPRSS15,1
CCDC152,0
YWHAG,2
FCRL3,0
FGGY,1
NRROS,2
MARK4,2
PDCD2,2
METTL3,2
ENTPD2,2
MAPK11,2
MRPL52,2
SSPN,0
GLDN,0
ZNF429,2
PSORS1C2,1
FCMR,0
MKRN2OS,2
MEX3D,1
PGD,2
CLDN20,2
ALPI,0
TRIM71,1
ZC3H13,2
NIPA1,2
PCK2,2
SYNPR,1
FICD,2
SH3TC2,1
IREB2,2
FASTK,2
ASPHD1,1
NUP62CL,1
RPP21,2
IFNE,1
STARD9,0
TONSL,1
EPHA3,0
ZPR1,2
UGT2B15,0
MYO9A,2
PCYT1B,0
EPAS1,0
NAT2,0
BPIFB4,1
SLC16A13,2
STC2,1
KHK,2
NATD1,2
BIRC2,2
RERG,0
ARPIN,2
AHSA1,2
FILIP1,0
ASB18,1
ZNF629,2
KRT15,1
TSHR,0
LHX1,1
TXK,2
AC010522.1,2
RAD23B,2
TRAF1,2
SLC8A3,0
SARS2,2
RABGEF1,2
DENND1C,0
UGT2B4,1
C8ORF37,2
KIAA2012,1
SPAG7,2
FOCAD,2
MAN1B1,2
ZNF106,2
SVEP1,0
SNRPN,2
C16ORF86,2
TSTD3,2
SLC25A32,1
TMTC1,0
TPPP,2
MRPL30,2
SPSB1,2
ZNF184,2
THOC5,2
ZNF703,2
GRIA1,0
TMIGD1,0
ZNF449,2
HECTD1,2
MDFIC,2
DNAJC11,2
HM13,1
TATDN3,2
TIGD7,2
PLGRKT,2
CBWD2,2
PPP6R3,2
GNG8,0
CCDC170,2
GRHL2,2
CCDC85A,0
RBMX,2
CHERP,2
NDUFAF6,2
P2RX6,2
SUSD2,2
ZNF324B,2
STK24,2
DIO2,1
TBC1D9,0
MAPK6,2
ALKBH5,2
SENP5,2
WFDC13,1
TNFSF4,1
PRKAR2B,0
PMS2,2
RAB3IP,2
MLKL,2
TMEM176B,2
ZBTB5,2
TSPAN2,0
NPTX2,1
CCAR1,2
PAGE1,1
TACC2,2
HUS1B,2
SLC35F5,2
ZC3HAV1,2
TUBA4A,2
SH3BP4,1
HK1,2
SPRR2D,1
RGS6,2
TMEM186,2
PTPN4,2
MINDY4,1
XPO6,2
NDUFS1,2
SEPT11,2
C7ORF73,2
REEP2,0
MYBPC2,0
CDC23,2
RBM6,2
CYP4F22,2
ACSM2B,0
BCL11A,2
MAP2K4,2
RASGEF1A,1
ELF4,2
NBEA,0
SH3GLB2,2
MXRA8,2
DCLK3,1
FYB1,0
POU3F2,1
WDR1,2
RANBP2,2
ASIC4,1
SPRR1B,1
USP5,2
ATP8B4,0
TMEM117,2
FBL,1
SLC16A9,0
KCTD1,2
GBX2,1
UTP15,2
BTAF1,2
POMT2,2
VENTX,1
PLEKHG4B,2
ZNF507,2
ATAD5,1
SPARC,1
IL2,0
STON1,0
MSL3,2
PRSS1,1
SOCS1,2
C11ORF57,2
ZBTB14,2
TTC26,1
TRPM4,0
WDR36,2
SLC25A23,0
CAPN8,2
CACNA1B,0
ARFGEF2,2
TBC1D20,2
ENKD1,2
GOLGA4,2
SDHD,0
SRRT,2
BCCIP,2
MRC1,0
ARRB1,0
LRIT3,2
NPY2R,0
CSRNP2,2
KRT80,1
VPS8,2
GDI1,2
HDAC5,2
LETMD1,2
ADPRHL1,2
RTKN2,2
SPRR2F,1
MILR1,2
COG5,2
ADAMTS7,2
DLGAP3,2
MPRIP,2
MT1G,0
CILP2,1
CYSTM1,2
CCDC25,2
TMIGD3,0
YWHAB,2
PGGT1B,2
AD000671.1,2
TMEM165,2
HEMK1,2
TCEANC2,2
ADIPOR1,2
EPRS,2
OTP,1
CHCHD7,2
MT1E,0
CAMK2A,0
HACD2,2
JSRP1,1
CCT2,1
UQCC1,2
B3GALT1,0
TEX43,0
ULBP2,1
DRD4,2
RPN2,2
C1ORF54,2
MMRN1,0
FGF2,0
IMPDH1,1
HSD17B13,2
ZNHIT6,2
ALKBH2,1
SNAI1,1
TMEM14A,2
SERPINI2,0
AP001931.1,2
MIA3,2
STPG3,2
PNPLA3,1
SNX3,2
AGR3,0
EPG5,2
PLPP3,0
CCDC158,0
ITGB1,2
SPIRE1,2
SP9,1
CYLD,2
THG1L,2
TNFAIP8L2,0
SELENOH,2
UHRF1BP1,2
ATP2C1,2
ZNF391,2
ELANE,0
PLPP6,2
MAP3K7CL,2
ASB3,2
GEMIN5,2
RASSF5,2
PPCDC,2
ZDHHC18,2
FAM163B,0
MAGED2,2
TOMM34,1
SLC48A1,2
AMIGO1,2
PCSK2,0
KIF1BP,2
RPL32,2
BCAP29,2
FERMT3,2
EPM2AIP1,2
SYT2,0
SEC61G,2
TCEAL2,0
SAP30L,2
ZNF296,2
SLC6A20,1
KRT37,1
ZIK1,0
RASGEF1C,0
THBS4,0
GABRB3,0
AR,0
FXYD7,2
ACAD10,2
FAM208B,2
AC020915.2,2
TRPV3,0
OR1F1,1
C11ORF1,2
MSANTD2,2
RGP1,2
GAS2,1
MC2R,1
SIRT3,2
HRASLS2,0
SULT1A1,0
SLC6A2,0
AKIRIN2,2
SLC8B1,2
MAP3K13,2
TAF1,2
STON1-GTF2A1L,0
SMCR8,2
IPO9,2
COMMD7,2
PCDHGA5,2
RBM4,2
USP14,2
PRAF2,2
PCYT1A,2
IL27RA,2
CLDN34,2
MYCN,1
ITGA5,2
CCDC175,1
ZNF518A,2
AGTR1,0
ARL6IP6,2
EEF1E1,1
ADTRP,0
GABARAP,0
NARS,2
MIS18A,2
TREH,0
ZNF620,2
MRPL2,2
SYNPO2L,2
GSTO1,2
C19ORF33,0
HRNR,2
KANK4,0
GRIK2,0
COL21A1,0
CACNG1,1
ERCC3,2
TP53INP1,0
S1PR4,2
C8ORF59,2
CR1,0
ZNF879,2
CER1,1
IFT57,2
ICAM2,2
ERICH6,2
SLC20A2,2
MAGEA3,1
CHRM4,0
MARK3,2
MED6,2
SIGLEC1,0
DHX57,2
ELF2,2
PRIMA1,0
EFNA3,1
IQCM,0
SSX2IP,2
KCNE1B,1
CYP26A1,1
OSBP2,2
EPB41,2
RUNDC1,2
SKP1,2
AGFG1,2
MRPS18B,2
KRT32,1
HMGA1,1
CCL8,0
HES4,1
MYRF,2
EIF2A,2
COA6,2
CLCN2,0
KIAA0040,2
NUDT11,0
MEOX2,0
DOPEY2,2
KDM6A,2
ANXA9,2
WASF2,2
ARL6IP1,2
ARHGAP25,0
NRDE2,2
ATCAY,0
SWT1,2
TMEM5,2
FBXO9,2
PLEKHF2,2
LMTK3,1
ZFP28,2
BRD9,2
BICD1,1
ZSWIM1,2
RFX7,2
CENPQ,2
MEA1,2
RALA,2
RP2,2
MSC,2
TFRC,2
NLGN3,0
RTL6,2
TTC16,1
ST3GAL2,2
RAB40A,2
CBR4,2
CHP1,0
ZNF536,0
C3ORF18,0
SNRPE,2
CNN1,0
TMEM87B,2
MAST4,2
ZNF117,2
NFE2L3,1
SAMD8,2
RRP15,2
CLN3,2
GOLGA8M,2
CD320,2
HOXB3,2
PID1,0
PRELID2,2
NR2F2,2
CCNB1,1
NXPH4,1
DGKE,2
MICAL3,2
SMIM3,2
SLC29A1,1
OGDH,2
ZBTB7B,0
PHACTR2,2
SULT1B1,0
PIGP,2
MR1,2
PNKP,2
ACO2,0
AP2M1,2
OR5M11,1
M6PR,2
RPL19,2
B4GALT3,2
ADAMTS8,0
C7ORF61,2
ECE2,1
DBP,2
SLC23A1,0
URAD,0
SIPA1L3,2
CDH8,2
NPC1L1,1
SLIT3,0
NAALADL1,0
MINK1,2
USP51,0
NLE1,1
SNAP29,2
MDM1,2
HTRA4,1
RCC1,1
ACACB,0
XPNPEP2,0
ATRAID,2
PTK7,1
SGMS2,2
HLA-G,2
ZWILCH,2
CPT2,0
CCR9,0
IGIP,2
ADAMTS14,1
SYCP2,1
CLEC4D,2
MAPKBP1,2
METTL2B,2
GALNT1,2
FAM222A,1
RAB5C,2
CYP2U1,2
SACM1L,2
GALK2,2
CBR1,2
TMCO6,2
GCNT4,0
RNF168,2
HPS3,2
RSPH14,1
DLX4,1
ZNF880,2
CFAP44,2
TCF7L2,2
TUBB,2
ZNF597,2
MTPAP,2
TFB2M,2
RSPO4,1
CDKN1A,0
C16ORF91,2
BAIAP2L2,2
SPAG5,1
PNMA1,0
CBLL1,2
DDB2,2
B9D1,1
ZNF263,2
C7ORF50,2
POSTN,1
GPHN,2
MCEE,2
OLFM4,1
CDC42BPG,2
TSPEAR,1
KLHL21,2
NUDT21,2
ANKRD20A2,0
HBE1,1
ZFYVE19,2
AC005041.1,2
LINC00094,2
IDE,2
RASSF4,2
ZNF626,0
FBLN5,0
SIAH2,2
ZNF562,2
SNX7,2
ARID5B,2
SLC12A6,2
SPRY2,2
DCXR,2
ZBED2,1
INHBE,1
CHKB-CPT1B,2
THSD7A,0
FARSA,2
C3ORF70,0
VWA5B1,1
DIAPH3,1
MND1,1
NDUFA2,2
TARBP1,1
ZNF688,2
ZBED5,2
IKZF2,2
ADPRHL2,2
USP19,2
TMEM238,2
ZNF233,2
NTNG1,0
LINC00675,0
RAB18,2
EPHX1,2
SLC39A4,2
SLC14A1,2
RPL15,2
CCDC32,2
MPO,2
MICA,2
PPIAL4A,1
FGFR2,0
MTX1,2
AL359736.1,2
UGT1A1,0
SLITRK1,0
ZNF563,2
SPTLC2,2
GOLGA8K,0
SLC37A3,2
MPC1L,1
RNF215,2
NUMB,2
SV2B,0
ZYG11B,2
EIF1AD,2
CYB5RL,2
LRTM1,0
IGF2BP1,1
PRPF3,2
JRKL,2
BIVM,2
IRF6,2
ALS2CL,2
IDNK,2
NANP,1
RETREG1,0
GLIS3,2
MAF,0
ZNF143,2
ARHGEF33,2
IFI44,2
PTGR2,2
CDS2,2
CELSR3,1
RELL1,0
WDTC1,2
ACOX3,2
ZNF768,2
ILK,0
NACA,2
LRRC2,2
C10ORF62,1
AK8,2
SPDYE3,2
DGCR2,2
AC003002.3,2
ARHGAP40,1
DYNC2H1,2
AC010325.1,1
NOL11,2
MRPS15,2
PDXDC1,2
MPC1,0
TOGARAM1,2
FOXK2,2
S100A7,1
AC096887.1,2
CRCP,2
GORASP2,2
TAS2R19,2
CAST,2
CARS2,1
LILRB1,2
SPATA6L,1
ODF2,2
CUTA,2
PSMD13,2
SHD,2
ZNF747,2
C11ORF86,0
LGALS4,0
ADGRA1,0
PPME1,2
GTPBP1,2
GABRD,1
FAM180A,0
IFNAR1,2
XCL2,0
ANKRD55,0
DNAJA3,2
PDGFRB,2
KAT2A,1
TCEAL5,0
SSR4,2
CPO,2
LRRC6,1
WDR73,2
CTDSP2,2
CTAG2,1
PRAME,1
CYTH1,2
SUPT20H,2
CD6,2
CARHSP1,2
MRGPRE,0
CSNK2B,2
ARHGAP42,0
TCTE3,1
CYP4Z1,1
PLOD3,1
C2ORF16,2
ATRX,2
IGF2BP3,1
UBE2O,2
RBM19,2
GZMM,0
POLD4,0
PTP4A2,2
SGCB,2
CEP63,2
DENND1A,2
ARMCX5,2
FMNL2,2
LY75-CD302,0
FBLIM1,0
PDE7B,0
IGFL2,1
PKD1L1,2
TBC1D22B,2
ITGB3BP,2
IRF2,2
ANK3,0
ZNF157,0
NT5C3B,2
DLGAP2,0
TMEM158,1
ZNF98,0
RECK,0
PACS2,2
PDCD5,1
ZFHX3,2
NOL10,2
CXCR6,2
MLNR,2
HKDC1,2
MEPCE,2
PTCRA,0
TMEM67,1
CHML,2
PRB2,1
ADIPOR2,2
MCL1,2
AKAP6,0
TAS2R30,1
VNN1,1
NOS1AP,2
RPL18A,2
FSIP1,2
EPS8L3,2
AC107871.1,1
ALDH9A1,2
GDE1,2
EDIL3,0
VAMP8,2
NOTCH2,2
PCGF3,2
ADCY5,0
PHF8,2
CHAF1A,2
FAHD2B,2
PAQR5,0
CXORF36,2
B4GALT4,2
KCNV2,1
MED1,2
GLT8D1,2
SOCS6,0
PCK1,0
SLC2A2,1
HPCA,2
KCNK13,2
VWC2,0
ZNF496,2
SNRNP40,2
MRPL32,2
PDZD11,2
POLR3GL,2
CLCN5,2
CNDP1,1
ATP6V0C,2
GCGR,0
ADRA1D,2
SGPP1,2
C4ORF46,2
PDCD11,2
C4ORF36,2
GPX7,2
CERKL,2
CDC42BPB,2
SYNCRIP,2
NLRC3,2
CP,0
RPL13A,2
CHMP2B,2
MFAP5,0
CCT8,2
UBR7,2
CHMP3,2
ARL6IP4,2
HPSE,2
PPM1B,2
OLFM2,2
GAS2L3,2
ENPEP,2
N4BP2L2,2
YEATS4,2
SVIL,0
BPIFB1,1
CLIC6,2
NRIP3,2
ANO1,1
FANCG,2
MKRN1,2
MEIKIN,1
AL049697.1,2
SMYD2,2
CCDC120,2
DNAJC13,2
ZBTB39,2
FPR2,2
SNTG2,0
EVL,2
TRIP13,1
NDC80,2
TRIM27,2
HSPG2,2
NUP205,2
CDH7,1
ARFGAP2,2
ELOVL6,2
PINLYP,0
KCTD5,2
CHD7,1
PPP1R27,1
DPYD,0
OR14I1,0
CTC1,2
3-Mar,2
CDH6,2
NUDT3,2
KIR3DL2,0
COG4,2
FBXO4,2
CDKN3,1
PRKRIP1,2
FARP2,2
TMEM241,2
GATA5,0
RBM11,2
TSPOAP1,1
OCIAD1,2
HMMR,1
SETD2,2
KDM3A,2
RNF112,0
FCRL5,0
MCM3,1
ZBTB37,2
GPX4,2
DCAF15,2
ZNF383,2
SCML1,1
BLCAP,2
SLC16A6,2
HOXC10,2
HIST3H2BB,1
POLR2E,2
RHCG,1
KCTD15,2
LDHA,2
NRBF2,2
MMAA,2
AC113554.2,1
COQ8A,2
KLK7,1
ZNF660,2
PSMG3,1
TST,0
CMIP,2
NDUFS6,2
WSCD2,0
FBXL8,2
WDR37,2
RAB8A,2
HNRNPH1,2
AC010531.1,2
NUDT12,2
SSR3,2
HNRNPLL,2
GPR26,0
MCF2L,2
NPFFR1,1
SIRT2,2
LIPG,1
MRPL38,2
EBPL,1
NDUFB2,2
HTR2A,2
RBSN,2
STK38L,2
CARD8,2
FKBP15,2
C22ORF23,0
APOC2,1
TRAPPC11,2
GUCY1A3,0
DTWD2,2
ASPH,2
SNRPA1,2
SYMPK,2
SDR16C5,1
BCAS4,2
SPRR2A,1
PRX,0
DLX3,1
FXN,2
APOLD1,1
GPN1,2
CFL2,0
RCAN2,0
GRB7,1
DDX60L,2
RBM8A,2
RPA3,2
IL4I1,2
PHC2,2
NRP1,2
TNIK,2
ZMPSTE24,2
SFTPD,0
EYA1,1
FAM227A,1
DMXL2,2
PMM2,2
SRMS,1
ZMIZ2,2
SEMA4D,2
FAM168A,2
MTR,2
DHX32,2
PPOX,2
NELFB,2
COL5A1,1
TNXB,0
SRSF6,2
CELF2,2
DHX30,2
DTNB,1
NDOR1,2
TRAF3IP1,2
AKAP12,0
TNRC18,2
METTL16,2
AP000350.4,1
ARPC1B,2
NUTF2,1
PTTG1IP,2
SAG,0
TRA2B,2
LACTB,2
NUGGC,0
FBXW8,2
SBDS,2
JPH2,0
TRIM72,1
SPIN1,2
ALDH6A1,2
ERCC6L2,2
ZSCAN21,2
TIMELESS,1
CHD6,2
DDAH2,2
KTN1,2
METAP1D,2
LGALS12,0
CCNB3,2
CHST4,1
WNT3A,1
TRABD,2
MYOM1,0
SSB,2
PYHIN1,2
FPGT-TNNI3K,0
TBX10,0
C6ORF136,2
KRT8,2
SNX20,2
SAC3D1,2
TMEM33,2
SHISA3,0
MAGOHB,1
HIGD2B,1
RNASEH1,2
PWWP2A,2
NPAS4,0
PLEKHB1,1
CCDC27,0
DUSP4,1
MARCKS,0
GLT8D2,2
SRPX,0
SNRK,2
PEX7,2
EPOP,1
TAX1BP3,0
USP10,2
B2M,0
GNL1,2
HCN4,0
TRPM6,0
ZNF445,2
SLC30A10,0
CRLS1,2
PGM2,2
HINT2,2
LYZL2,1
PNPLA2,2
ABI3,2
MAST2,0
LRRFIP2,2
POLN,2
VCX3B,1
LIMK2,2
LGALS3,0
SS18L1,2
ZEB2,0
ZDHHC2,2
TRAF5,1
WAC,2
ILKAP,2
ECD,2
BUD13,2
DDX50,2
NPR3,0
LAGE3,1
MMP15,2
HCRT,1
ABCB8,2
KCNN3,0
NPIPB11,2
PITX3,1
CNDP2,2
NPTN,2
C9ORF153,2
PLP1,0
EHMT2,2
CCDC166,1
CALY,0
NFE2L1,2
EIF3M,2
SLC9A2,0
UAP1L1,2
PTN,0
CDON,0
ADCY6,2
UBALD1,2
AEBP1,2
RIMBP3,2
ALDH18A1,2
DNAJC10,2
TES,2
SLC35A4,2
TRAP1,1
RAB9A,2
GATA4,1
TMBIM1,2
AKT1S1,2
BTBD3,0
CD14,2
ALPK2,2
OXT,1
FAM168B,2
CLC,0
CADM2,0
MCAM,2
LDHAL6B,0
TBXA2R,2
CALB1,1
UGT3A2,0
MSMB,1
SLC52A2,1
GSS,2
DHRS7C,0
CCSAP,2
MAP6D1,2
MROH1,2
MUCL1,1
ANXA7,2
SKAP1,1
NOC2L,2
WFDC10A,1
PIGC,2
LDLRAP1,2
VAMP3,2
RPGRIP1,2
MYO18B,1
SULT2A1,1
RPS12,2
IPP,2
CCRL2,2
TASP1,2
MMP1,1
AIMP2,2
CSF1R,0
STIM2,2
NUDT15,2
C15ORF41,2
GBA,2
NOL8,2
CNOT10,2
PDP2,2
CD22,0
FAM189A1,0
NDST1,2
N6AMT1,2
SIT1,2
TIGD1,1
KCNF1,2
UBXN4,2
KRT85,1
GET4,2
VPS13D,2
LGALSL,2
CACNA2D3,0
CDK17,2
PDXP,2
SYT9,0
RUFY3,2
P2RY1,0
ASAP3,0
DHX36,2
ADCY9,0
DHPS,2
ZNF528,0
KIF2A,2
CD81,2
METTL8,2
DENND2A,0
CBX7,0
ADRA1A,0
BORCS6,2
COL4A2,2
COL13A1,2
TRPM7,2
PRDM7,1
ATP11B,2
CCNL2,2
WWC1,2
GNA11,0
ALDOC,2
EVA1A,1
FLT4,2
FAM47E-STBD1,0
RPH3A,0
POLE,2
ANKRD30B,1
ALG10,2
ESRRA,2
IFNGR2,2
TRIR,2
APCDD1L,0
BCL2A1,2
KCTD21,2
DIRC1,1
PSKH1,2
SEPT2,2
SPINK1,2
ZC3H10,2
PTCD1,2
ZNF180,2
SOAT1,2
SDCCAG3,1
CDK8,2
C10ORF95,2
ZP2,2
SLC25A4,2
SLC22A17,0
SIX1,1
CDC42EP1,2
PLK2,2
CACNA1E,2
ARHGEF6,0
CPA5,1
MEF2A,2
TMEM169,2
CMTM7,1
SNTB1,1
MAPRE3,2
ATP5L,2
MTRNR2L10,0
GOT2,2
FBXO22,2
LAD1,2
SPRY4,1
ARFIP1,2
LTF,2
MLLT1,2
RPS6KB2,2
BNIP2,2
AS3MT,2
EPS15,2
TPCN2,2
KCP,1
MAP3K11,2
UBA52,2
ARHGEF12,2
CYP4B1,0
EML1,0
RAB25,2
HTATSF1,2
SLC25A2,1
ZC3H8,1
PANK3,0
THSD4,0
SPECC1L,0
HOMER3,2
CCNYL1,0
LRRN2,0
MATN2,0
RBM14,2
PRSS51,1
PAFAH1B1,2
MAMDC2,0
PAGE2,1
FZD1,2
CNTN4,0
CPSF4L,2
NME1,1
RABEPK,2
IGLL5,0
DNM2,2
GAR1,2
FRMPD4,0
ARHGEF10,2
B3GNT5,2
GTF2F2,1
SEPT6,0
KXD1,2
TIMM21,2
SLC25A39,2
CHURC1,2
SLC39A2,1
ZNF25,2
YPEL5,2
CFAP99,0
SFT2D2,2
LOXL1,2
TNNT1,1
ABCB11,0
RGL4,2
ZFP90,2
GALR2,2
FAM167B,2
UBAC1,2
RTL8C,2
ACSS3,2
RPA4,1
FGF4,1
DAZAP1,2
TMEM81,2
CD101,0
AC068946.1,2
C12ORF65,2
CD46,1
HOXD3,0
ZRSR2,2
WASHC2C,0
ZNF74,1
GPN3,2
NOP14,2
LTN1,2
MN1,2
PCDHGB4,2
FAM173B,2
MDN1,2
MED26,2
HRAS,2
CES2,0
SEC62,2
ZNF823,2
DMTN,2
KCNN4,1
TNK1,2
MCC,2
MAN2B1,2
GDF15,1
STAM,2
AC005832.4,1
PAXBP1,2
SLC25A44,2
IL23A,1
LRRC7,0
SNAPC1,2
ABCA2,2
CFAP43,1
LOX,1
BCAS1,0
MEX3A,1
LPAR5,2
PAXX,1
ZNF564,2
MFGE8,2
CNTN3,0
APOA5,1
EBF1,0
ZNF443,2
RPS15,1
SLC35A5,2
TRIB3,1
FRRS1L,0
SURF2,2
HIST1H2AC,2
TNNI3,1
HACD3,1
RAB23,2
MTOR,2
SMAP2,2
PRKCZ,2
C2ORF49,2
AP5Z1,2
MTMR1,2
CROT,0
CDK4,1
SLMAP,0
BRAT1,1
VSIG1,1
STAT3,2
RTL1,1
ITGA8,0
TLR10,0
MS4A4E,0
SNX33,2
PCDH11Y,0
KRT19,2
CLRN3,2
RAD23A,2
ZNF248,2
CCDC89,2
IQSEC2,2
TAF1B,2
AMPD1,0
EIF5B,2
MLLT6,2
PLEKHM1,2
MXRA7,0
AC006269.1,1
NPAS2,2
PLAC4,1
LFNG,2
LRRC14,2
ZNF593,1
ZNF717,2
TMEM155,0
AP1S1,2
ZNF335,2
SVOP,0
KYAT1,1
AREG,1
OTX2,1
MOGAT1,1
ORAI2,2
PSD4,2
SOX5,0
NMNAT3,2
EXOSC5,1
STEAP4,0
TACC1,2
LMBR1,2
PACRGL,2
DEF8,2
WASL,0
C6ORF223,1
FXYD5,1
FMO3,2
EPHB6,2
CEACAM16,0
HNRNPUL2-BSCL2,2
FBXO32,0
SIRT4,2
UTS2B,0
GLCE,2
FAM57B,2
AGMAT,2
PIPOX,1
BRPF3,2
FGF23,1
HDGF,2
STK38,2
C2CD4B,1
MARF1,2
CC2D1B,2
CLCA2,0
GEMIN2,2
NXT2,2
PES1,2
MAP7,2
GLO1,2
GNG4,1
CNTN2,0
KRT24,0
STC1,1
NPHP1,2
KIFC3,1
ZNF827,2
CATSPERG,0
CLIC5,0
SIRPG,2
TIAL1,2
USP1,2
H6PD,2
SERPINE1,1
PIP4K2C,2
NUDT9,2
CCDC187,1
GPC6,2
CYP2W1,1
ARHGEF28,2
VAMP5,2
CGB8,1
KCND3,0
KLRG1,2
USHBP1,2
ALKBH6,2
SF3B6,2
MCM10,1
KIF2C,1
MYO1F,2
ABCF2,2
ZNF695,1
DCLRE1C,2
SMG9,2
WDR77,1
HELQ,2
ATG3,2
TCEAL6,0
WDR27,1
FAM189B,2
CPOX,2
GPM6A,0
TDP1,2
RHOD,1
INMT,2
TTC39B,2
STK32C,1
IFT81,2
TMEM62,2
PRIM2,2
PMM1,2
SCO2,2
FRMD4A,2
TRA2A,2
HAND2,0
HIST1H4L,1
TRPM2,1
AHCYL2,0
MEAF6,2
EME2,1
ANXA10,1
PPP1CC,2
CCDC194,1
TSKU,2
AFDN,2
VPS37D,2
TBP,2
NACC2,2
AL662899.1,1
UHRF2,2
NRBP2,2
C1ORF74,2
ANAPC16,2
ATAD3C,1
NEDD4L,0
IP6K3,0
PRDM10,2
DNAJC7,2
SKIV2L2,2
PAX3,1
DDN,1
MYO1E,2
ZP3,1
PTGER3,0
BAG4,2
LTBR,2
LRRC31,0
PLA2G15,2
SMIM15,2
EIF3D,2
APLP2,2
GTF2B,2
NEGR1,0
PCDHB14,2
GPIHBP1,0
SBK1,1
CENPI,1
RNF207,2
ALS2CR12,2
MBP,2
CDK2AP1,2
TM4SF19-TCTEX1D2,1
RNASEH2C,2
SALL4,1
CSTB,2
MBNL3,2
CLDN14,1
TSACC,1
SELENOK,2
SLC7A1,1
ZNF229,0
ANGPTL7,0
FAM131C,1
PECR,2
COX7C,2
INHA,1
UPK3B,2
AC099489.1,2
SEZ6,0
RNASE1,0
RCSD1,0
SLCO1B7,1
PUM3,1
CRBN,2
SUSD6,0
CENPS,2
ACOT12,0
LRSAM1,2
NIT2,2
SATB1,2
VAV2,2
TMEM42,2
STBD1,0
ZSWIM7,2
TMEM102,2
TAF1A,1
SOWAHC,2
CYP4F3,1
PAK1,2
COX14,2
ZNF549,0
JCHAIN,0
PLA2G2A,2
PPL,2
NR2F1,2
AARS,2
PTBP3,2
C1QTNF9,0
COPS9,2
PCDHB6,2
RSRP1,2
NXT1,1
OTOG,1
PHYHIP,0
NBEAL2,1
GSTA2,0
GBP7,1
AGL,2
PBX3,2
MPND,0
SEH1L,2
TUT1,2
LRP11,1
AL136531.2,0
ATP5H,2
ATG2A,2
LGALS9,2
NOTCH1,2
PARN,2
FAIM,2
ITM2B,2
CLCF1,2
FBXL16,1
GBP3,0
OGFR,2
TSPO2,1
TRIM67,2
TGM3,2
PABPC1,2
INVS,2
KIAA1024,1
ABHD12,2
MAP1LC3B2,2
TRIM36,0
FLT3LG,0
XPA,2
LAMTOR5,2
RCN2,2
ATF7IP2,2
ZFP62,2
CTU2,1
BRD8,2
MBD2,2
PCSK4,1
ARHGAP44,0
MREG,2
CEP85L,2
PTPRM,2
NEB,1
HDAC7,2
S100A6,2
FCGBP,0
SPAG8,2
CPT1B,2
ST8SIA4,0
LMO2,0
KDM4A,2
TNFAIP3,2
UGT1A9,0
TEX48,1
RPS6KA6,0
CTU1,1
TP53I3,0
KCNK17,2
PRPF40B,2
FZD4,2
PEBP4,0
PLET1,1
XCR1,0
ARHGAP27,2
APOC1,1
SOX1,1
EBI3,0
FAM186A,2
AC092718.3,2
COL18A1,2
ZNHIT1,2
EPB41L2,2
NOSIP,2
EEPD1,1
CCL3L3,1
LPCAT3,0
RAPGEF2,2
APPL1,2
STX16-NPEPL1,1
SH2D1B,0
CCL5,0
TTC25,2
SPECC1,0
FAM43A,2
DOK1,2
ECM2,2
LRTM2,0
CYP2C8,0
WDR89,2
FAM135A,2
GUCD1,2
SMTNL2,1
TMEM167B,2
OR6A2,1
DACT1,2
KIF5A,0
RAPH1,2
CRTAC1,0
FBXL14,2
MS4A12,0
PKNOX2,0
CMTM6,2
MOCS3,2
PLEKHH1,2
POFUT1,2
CTPS1,1
SP2,2
RPGR,2
SH3TC1,2
SLC7A3,0
RPUSD2,2
MRPL42,2
PRUNE1,2
NDUFAF3,2
MAS1L,0
IPO7,2
EPHA10,0
SPC25,1
GALK1,1
SLC39A1,2
CCDC148,1
VWA5B2,2
CDX1,2
NUDC,2
DIDO1,2
C17ORF67,2
PAQR4,1
RNF17,2
QRSL1,2
NTF4,1
SNRPD1,2
CD2AP,2
ZFYVE27,2
NFATC4,2
TMEM53,2
DRD5,0
RNMT,2
NAGK,2
ARL9,1
REP15,0
NABP2,2
PRR3,2
EMP3,2
CPED1,0
GBF1,2
ERO1B,2
IL7R,2
ZHX1-C8ORF76,1
PCSK7,0
CDKL3,2
ARHGAP8,2
UPP1,2
TSPAN4,2
SLFN11,2
LRRC43,1
GAL,1
PACRG,2
ZYX,2
TGDS,1
LLGL1,2
CCL23,0
HIVEP3,2
TMEM78,1
IL10RB,0
ADGRL3,0
CPNE8,0
FGF19,1
PDE6A,0
SLC9B2,1
OTUD7A,0
CENPB,2
GPC2,1
DAB2IP,2
STAP1,0
STAB2,0
ANO7,2
DDX58,2
SSR2,2
NEMP1,2
EXOC8,2
RTL8B,2
ZNF618,2
NELFA,2
FAM96B,2
GBP6,2
SURF6,2
BDH2,2
GNGT2,2
SPERT,1
PNCK,0
SENP3,2
LDHAL6A,2
HLA-DMB,2
PDK3,2
NR1H2,2
TUFM,2
RPS6KA1,2
DPYSL2,2
CLCN4,1
TYW1,2
PPP1R9B,2
NPC2,2
OGN,0
HSF2,2
FLI1,0
CCDC138,2
RGL1,0
ORAI3,2
PDE8A,0
NDUFS4,2
SPATA17,1
CNTNAP1,0
TOP1,2
NLRP1,2
METTL26,1
ZNF675,2
HNRNPCL1,1
YIF1A,2
RPS15A,2
RFLNB,2
FIS1,2
HMGN1,2
MAP4K3,2
RPAIN,2
SERGEF,2
SESN1,2
RCBTB1,1
C1ORF87,1
CHRNA1,0
EGLN1,2
ACSS2,0
ZER1,0
SCIMP,0
UCN2,1
PDE6G,0
LRFN4,1
THSD7B,0
LCN2,1
AL365205.1,2
NCDN,2
GOLGA5,2
ACP7,1
PHF21A,2
GPX2,1
INTS5,2
RRP8,2
OGFRL1,2
MRVI1,0
PPP1R35,1
IER3IP1,2
RAB11FIP3,2
MRPL50,2
OSBPL10,2
AMMECR1,2
ZMYM1,2
UQCR11,2
AEN,1
ITGA1,2
CA8,2
YPEL4,0
UGCG,2
CCDC50,2
GPRC5C,2
LVRN,0
BRD4,2
TMEM69,2
SIGLEC11,0
SLC9A6,2
SEMA4G,0
PLK4,1
RIC3,0
CLEC16A,2
NES,2
IL18R1,2
C2,1
STX18,2
SLC52A1,0
FGFRL1,1
SRM,1
SLAMF9,1
NECAB3,2
MRAP,0
GK3P,2
SPIDR,2
HERC5,2
ITGB5,2
TSPAN7,0
GK,2
C5ORF56,2
ATP6V0A4,1
LAMA1,0
DCST1,2
C8ORF48,2
CLEC1B,2
SLC41A1,2
SMIM10L2B,0
SFRP5,0
PER3,0
PTPDC1,2
ATAD3B,1
PLA2G16,1
TEX10,1
PGGHG,1
GRSF1,2
PAFAH1B3,1
COG3,2
LCA5L,2
FAM83E,2
NME3,2
LPAR1,0
LURAP1,0
ADAM33,0
CFB,1
LZTR1,2
SYNGR2,2
PXDNL,2
AL163636.2,0
ADAL,2
CHKA,2
UVSSA,2
ZNF570,2
JPH1,1
MPZ,0
CNNM1,2
RSPO1,0
POMT1,2
CLEC4M,0
CT83,1
KCNB2,0
RASAL3,2
RPA2,2
TBC1D10A,2
SLC38A4,0
F8,2
PDK2,0
KLHL20,2
FP565260.7,2
FAM135B,0
MAGEA1,1
TRHDE,0
PIGZ,0
BAHD1,2
ZC3H3,2
CNST,0
ARSF,2
MED17,2
ARHGEF17,2
TBX5,1
AL080251.1,1
SMIM24,2
AC006030.1,2
ZNF724,1
PITHD1,2
CD55,1
GRID1,2
SMYD4,2
CYP3A4,0
DNPH1,2
ZDBF2,0
INPP5B,2
TET2,2
UBE2V1,2
CNTNAP5,0
FAM84B,2
NPLOC4,2
ATR,2
GIMAP6,0
WT1,1
HOMER2,2
GNG11,0
ARPC4-TTLL3,2
ANO6,2
QPCTL,2
FAM78A,2
CAVIN1,0
ZSCAN1,0
SNX17,2
ROM1,2
F2RL3,2
YIPF6,2
SLC29A4,2
ASPRV1,2
L3HYPDH,2
DCAKD,2
ZBED1,2
C1QTNF1,2
ST8SIA3,0
HHATL,0
C11ORF84,1
ZSWIM8,2
AP3M2,1
AC023055.1,2
LRRC70,2
TMCC3,0
LRRC4,2
KCNA3,0
RIOX2,2
SH3GLB1,2
EIF2B5,2
NUP58,2
SPIRE2,2
SCO1,2
CFAP157,1
QSER1,2
HDC,0
RASGRP4,0
ZC3H12A,2
RXFP1,2
C10ORF82,2
OR1L8,2
CLDN12,2
ANKS1B,0
PLA2G2E,1
SHE,0
SEMA3F,1
SPG21,2
IL17RB,2
ZNF595,2
ESYT1,2
MATN1,2
C22ORF46,2
PRICKLE2,0
TCF4,2
AARD,0
RBM12B,2
ZBTB33,2
ADSSL1,2
C1ORF131,2
PPIL2,2
TAGAP,0
MROH2B,0
ZSCAN18,0
COG6,2
ZSWIM5,2
TRIM15,2
STX12,0
ZBTB7A,2
KEAP1,2
CYP11A1,0
ISCA2,2
WISP1,1
ZNF318,2
KCNQ5,0
APOBEC2,0
ADRA2C,1
NUSAP1,1
LIG1,2
NKPD1,1
MAPK4,0
FZD6,2
PILRB,1
TUBAL3,0
AC098850.4,0
HLA-DPB1,2
FUT11,2
YIPF2,2
SFMBT2,0
MRM3,2
TBC1D30,1
MRS2,2
DNAJC4,2
GNG10,2
SLC8A1,0
SLC27A6,0
SLC25A30,2
CDK11B,2
CCNA1,0
MISP,0
GIMAP8,0
OR2H2,1
LSM3,2
C4BPB,1
TMEM123,2
ENKUR,0
TXNDC11,2
NCOA2,2
DHRS4L2,2
PDIA6,2
ZNF44,2
AADAT,1
SHQ1,2
VASP,2
TVP23A,2
CHAC1,1
LHX3,1
AKAP17A,2
RNF133,2
PCDHGA3,2
LYAR,1
CDH23,0
PSMB2,2
PRSS55,1
PMEL,2
C19ORF71,2
PPP1R16A,2
ALX1,1
ZMYND19,1
MGAT4B,2
PLCE1,0
KLHL24,2
ZNF362,2
EDEM1,2
MFSD6,2
FAM83H,1
IVD,2
KLC4,2
SMCO2,1
SH3GL3,0
CA4,0
COA1,2
CGGBP1,2
KDM8,2
TTLL3,2
SCARB1,2
MGAT5B,0
ARHGEF4,2
DCUN1D3,2
SSSCA1,2
TRAF2,2
NAPSA,2
C20ORF144,1
CALM3,2
ADGRB3,0
NKX3-2,0
RPS6KA2,2
MIER3,0
CDK16,2
PPP1R13L,1
USP26,1
CHMP6,2
HEATR5B,2
EFHC2,0
AGBL4,1
EZR,2
ADCY3,1
TENM2,0
CD164L2,1
COCH,1
LTK,0
FTCDNL1,2
BTN3A3,2
NDUFB3,2
OLFM1,0
SAAL1,2
AAED1,2
RBAK-RBAKDN,2
FRS2,2
GTSE1,1
REG1A,1
PRIM1,2
GNG5,2
KLRC3,0
FASLG,2
DKK1,1
H2AFY,2
CRY2,2
VEGFD,0
PSMB7,2
DPY30,2
PRKAR1B,2
NRL,2
KLHL11,2
LINGO1,1
RELL2,1
TMBIM6,2
ABL1,2
BLOC1S1,2
IL1RAPL1,0
RNF19A,2
ALG1L,1
PPHLN1,2
AL391650.1,1
BHMG1,1
DYNC1LI1,2
TBC1D7,2
FGF18,1
TIPIN,2
H2AFZ,2
ATP6V1E2,1
YWHAZ,2
SAMHD1,2
PARD3B,2
MON1B,2
FAF1,2
HHLA2,0
FAM26F,2
VAX2,2
GREM2,0
DOCK6,2
MRPL24,2
PPT2,2
SYNGR1,0
SNX15,2
ZNF696,2
TJP1,2
PGBD1,2
FBXO41,1
OLFML1,0
MPG,2
UBE4B,2
CCR7,0
CHST5,0
EEF2KMT,2
KIAA1211L,2
TNFRSF17,0
MMP17,2
STK3,2
CHST14,2
CSF1,0
SNAI2,2
ICAM3,0
MYO19,2
TMEM242,2
TMEM120B,2
HMOX2,2
SPDYE5,2
CEP135,2
CDCP1,2
C11ORF63,2
PASK,1
EPHB4,1
ZFP64,2
NRXN2,0
IPMK,2
TDRP,2
SPIC,0
ANKMY1,2
PATL1,2
DCHS2,0
COLEC12,0
CLEC3B,0
PYCR3,1
SLC34A3,1
PDCD2L,1
DAAM1,2
ATP13A1,2
ALKAL1,1
GPR87,1
ZNF48,2
SRSF8,2
FMNL1,2
RAD51B,2
MPDZ,0
PLEKHO2,2
TAC3,2
CSTF2,2
ENY2,2
UAP1,2
PDLIM7,2
SLC38A9,2
TMEM223,2
MFAP4,0
DNAJB2,2
GPATCH4,2
TFAP4,1
NPAS3,0
ERMN,2
TMEM82,0
ME2,2
BOP1,1
MUTYH,2
MAP3K4,2
ANKS1A,2
CYGB,2
BDH1,2
PRIMPOL,2
CD3E,0
XPO1,2
PKHD1L1,0
RNASET2,2
TCOF1,1
RPEL1,1
RNFT2,1
DUOXA2,1
SNX5,2
SPATA21,1
NAT14,2
SP6,1
CDRT1,1
SLC27A4,2
SLC37A1,2
STXBP5,2
RAB29,2
KSR2,2
HIST1H2BJ,2
MANSC4,2
SCN7A,0
KCNJ5,2
PPP1R14A,0
RALGAPB,2
CCDC51,2
SLC26A2,0
DPEP2,0
PIGB,2
FAM221B,2
MC4R,0
RGMA,0
TAS2R20,2
ADGRG5,2
AIFM3,2
GABPB1,2
RAB7B,2
HDAC9,0
CCDC190,1
SRP68,2
MED18,2
FAM131A,2
CHKB,2
COMT,1
ORMDL1,2
CYP27B1,1
SLAMF6,2
FLVCR2,0
CPNE7,1
FRRS1,2
ATP1B2,0
GCM1,1
CSTF1,2
GGNBP2,2
FAM133B,2
GPR88,0
PEAR1,2
PDE1B,0
TRAPPC9,2
OSR1,0
FOXD4L4,1
CADPS2,2
UQCC2,2
ASH1L,2
FAM83G,2
FIZ1,2
PMF1,2
PARP8,2
TRIM7,1
SREBF1,2
ZAR1L,1
JAM3,0
ACTA2,0
ANGEL2,2
CLHC1,2
ZDHHC14,2
TMEM57,2
MTDH,2
C2ORF70,1
MRPS23,1
NAALAD2,0
KIAA1549L,1
ITGA11,1
WNT5A,1
ZC3H12C,0
GRB10,2
SLC22A23,0
PKP3,2
CASP10,2
GATD1,2
ZNF771,2
HSPBAP1,2
SWAP70,2
L1CAM,0
SLC2A5,0
SLC39A5,0
ZSCAN26,2
STK32A,0
EIF3B,1
ZNF718,2
HCLS1,0
MRPL22,2
ADH1B,0
DDX1,2
FUT6,2
CASZ1,2
TMIGD2,0
PI4KA,2
COPS8,2
LGALS7B,1
AC104532.1,2
DYNLT3,2
CORO1C,2
C2ORF71,0
FGFR1OP2,2
PAXIP1,2
MYDGF,2
ZNF418,0
TNFAIP6,1
C19ORF44,2
C11ORF16,2
RNF138,2
DDA1,2
TOP1MT,1
MKL2,2
HIST1H4A,1
KCTD16,1
ROGDI,2
CSGALNACT2,2
AGPAT1,2
MCMBP,2
SFTA2,1
PRDM13,1
MINDY2,2
FOXN3,0
OSER1,2
PPP5D1,2
ZNF770,2
ZNF526,2
HPR,2
TLN1,2
MORF4L1,2
ASNSD1,2
TGFB2,2
TOMM40,2
SELENOO,2
GOLGA8N,0
SCFD2,2
NCAPD2,2
GMFG,2
ANKEF1,2
MTNR1A,0
ANKRD61,2
ITGB4,2
OTOP2,0
KIF23,1
ATP5G1,2
PINX1,2
ADGRF2,1
TRAPPC2L,2
AFF2,0
RIPPLY1,1
PRRT2,0
EIF5,2
SNRNP25,2
PADI3,1
MAP3K19,0
OCA2,1
DNAH2,1
DDX5,2
LCN6,0
BRINP3,0
BAMBI,1
HMGXB3,2
XRCC3,2
TMEM181,2
COL17A1,0
MAGEB2,1
RPF2,2
FASTKD2,2
LIG4,2
IL6R,0
CENPP,1
CFAP69,2
RCC1L,2
HDAC2,2
CHRNB2,0
TTPAL,2
SNTA1,2
NWD2,0
C9ORF43,1
TTYH3,1
SCX,1
CLEC12A,2
AMOTL2,2
SMYD5,1
SLC27A1,2
KANSL2,2
NFKB2,2
ZNF816,2
PDPK1,2
KRT84,1
ZZEF1,0
VTI1B,2
TLNRD1,2
EPHA8,1
HMOX1,0
PLEKHA2,2
NR0B2,1
C14ORF166,2
BCAN,2
DHFR,2
RCCD1,2
CYB561,2
DTL,1
ZNF408,2
PCIF1,2
SFTA3,1
PAIP2B,2
TTYH1,2
GALNT2,2
AOX1,0
LRP8,1
ABCA10,0
SMG8,2
BCL7B,2
SERPINB9,2
TSHZ1,0
RTN4R,1
MMP14,1
EYA3,2
SORCS3,0
TMEM187,2
CLMP,0
MINPP1,2
DIP2C,0
SCRG1,0
IL7,2
CDKN2A,1
RIDA,2
TMEM154,2
IQGAP3,1
PHGDH,1
EPHA6,0
BMS1,2
PLXNB3,2
UNC80,0
COX19,2
TMEM214,2
SEC14L4,1
ZNF415,0
MAP9,2
UNC119,2
RRN3,2
CA14,0
EMCN,0
AUTS2,2
DDX31,1
SNX19,2
ODF3B,2
POT1,2
GRIK1,0
C12ORF60,2
PIWIL1,1
LDLR,2
FCHSD2,2
FRK,2
ZWINT,2
LEP,0
RIPOR2,0
PLXND1,2
IFT20,2
RBKS,0
CTDSPL,2
PCDHA13,2
ZKSCAN2,2
LUZP2,0
PTP4A1,0
KDM4C,2
CTSV,1
LHX4,2
ABHD8,2
LPXN,2
CD47,2
CTBP1,2
DKKL1,2
PTK6,2
CAMTA2,2
HSPH1,1
CGB7,1
R3HDM2,2
MSRA,2
POLDIP3,2
NBPF1,0
TXNIP,0
FO681492.1,0
PRNP,2
C1ORF94,0
TNFSF10,0
PAK6,2
CCT6B,2
B4GAT1,2
BTBD2,2
HSPE1,2
ITGB3,0
RPRD2,2
ADAM10,2
ANKRD37,2
C1ORF123,2
SULF2,2
NOTCH4,2
RNF13,2
C19ORF53,2
FAM219B,2
OVGP1,1
DHX33,2
CXORF65,2
POLR3K,2
ATP5A1,2
PA2G4,2
TMEM130,0
GHITM,2
ISG20L2,2
HIST1H2BE,1
BIN2,0
LZIC,2
GABRA1,0
COMTD1,2
PROCA1,2
GZMB,1
CA11,2
MYO15B,0
PLPP2,2
MYO1G,2
ATOH1,0
SLC25A17,2
IFT22,2
RAPGEFL1,0
HIGD2A,2
NEU4,0
NRG3,0
PLD4,0
ENO4,2
TRMT112,1
C7,0
AC068775.1,2
NPR1,0
MAFA,0
TBC1D10C,2
FAM45A,2
PHF24,0
PABPC4,2
ZFP41,2
RNF43,1
UNC93A,1
GABARAPL1,2
CHRNB3,1
SSH2,2
URB2,1
DACH2,0
CDK5RAP1,1
CYP2E1,2
ST8SIA5,2
ZBTB12,1
ZNF788,0
PRPF38B,2
ANKRD22,2
TMEM86A,2
EXOSC6,2
TSEN54,2
GLRB,2
GVQW2,2
SLC1A4,2
ADGRE1,0
ZNF580,2
JAZF1,0
RTN3,2
FEM1C,2
ELL3,2
CHI3L1,1
NUDT16,2
CASC1,2
ZNF517,2
CDC25B,1
ATP7B,2
PALB2,2
RP1L1,1
KIAA0141,2
CNTF,2
PGM5,0
FSTL4,1
MXI1,0
SNAI3,2
RPS10-NUDT3,1
HBP1,2
CENPK,1
PSTPIP2,2
MYL4,2
ALDH3B2,1
CNPY1,1
CPA4,1
KIF17,2
NUTM2G,2
C14ORF132,0
LPGAT1,2
ANKRD10,2
PRDX2,2
RSPH6A,1
SGCG,0
TPH2,0
NDUFAF7,2
SLC7A5,1
KDM4B,2
DCTD,2
SNRPC,2
KCNK15,1
HACD1,2
AGAP9,2
NAT6,2
ARHGEF16,2
TRIM58,0
PDE8B,2
SLC13A5,1
ZNF613,2
KCTD6,2
APBB1IP,0
SPRY1,2
PRR14L,2
ZBED8,2
ANKLE1,1
ANKRD36C,1
RCE1,2
MASTL,2
SLC16A5,2
FCER2,0
HES1,2
PPP1R3D,2
TRAF3IP2,2
CSF2RB,0
PPP1CB,2
VDR,0
PRELID3A,1
ACAN,1
PIANP,0
SULT1C2,1
MTMR11,2
CCNL1,2
SNRNP70,2
LDLRAD1,1
RHPN2,2
DFFA,2
DARS,2
UCN,1
HOXD8,2
TIMP1,1
C12ORF73,2
ATRN,2
CCDC154,1
TUBB1,2
DDI2,2
CDC25A,1
CEBPG,2
SEZ6L2,1
LMNB2,1
CRAT,2
MYO1C,2
CRNKL1,2
TGFBI,1
TMEM144,2
APBB1,0
SASH1,2
DOCK11,2
ZCCHC18,2
AMZ1,2
NKX2-8,1
BCAR1,2
SOS1,2
HEYL,2
GPCPD1,1
BVES,0
TMEM125,2
NIPSNAP3B,2
C1QTNF2,0
EXD1,2
THOC6,2
SDF2L1,2
MAST3,2
EIPR1,2
PLAU,1
RNF144A,2
MIIP,2
C1QL1,0
SFN,2
BCAP31,2
CCL28,0
DSCAML1,0
AKT2,2
SLC28A2,0
NCOA7,2
ARF5,2
PXYLP1,2
FUT10,2
AGRP,2
RPAP3,2
EIF3J,2
PFKFB4,2
COL16A1,2
MAP1S,2
VEGFA,1
NISCH,2
ZNF639,2
COMP,1
RFXAP,2
SEPHS1,2
EML3,2
SLC1A7,1
SPRTN,2
ZNF483,0
VCAN,1
ADAM23,2
SLC17A7,0
KRT86,2
DYSF,2
WDR18,2
RCAN1,0
HIST1H4D,1
SLC16A1,2
CDK5,2
MAGEF1,2
SHKBP1,2
GRID2IP,2
GCSAM,0
USP27X,2
NCAM2,0
MUC17,1
EDN2,0
CCDC113,1
IQCC,2
SLC6A19,0
ALAD,2
AC104581.1,2
SYT10,0
MC1R,1
PSME4,2
BIK,2
GPD1,2
CCDC88A,2
CENPJ,1
ELL2,2
ELAVL4,0
GTF2H4,2
GATC,2
NR2C2,2
EIF5A2,1
WFIKKN2,0
FXYD6,0
SDHC,2
EMILIN1,2
NDRG4,0
BTNL3,0
PHLDB3,2
PPP1R21,2
GTF3C2,2
ULK2,2
PLBD1,2
AC136428.1,0
ZNF714,2
SNAP25,0
COL11A2,2
SEZ6L,0
IFNG,2
ARL14,0
SALL2,0
RBMS3,0
RHBDD2,2
NOTUM,1
SORBS1,0
BTD,2
FHL3,2
THOC3,2
AC138696.1,2
AC011499.1,2
CCDC59,2
INSIG1,2
NAA15,2
ZNF440,2
ARSA,2
DCLRE1A,2
FANCM,2
MLIP,0
NHP2,2
MRPS35,2
SCHIP1,0
TVP23C-CDRT4,2
MMP7,1
ACTR1A,2
CYP4F12,0
FAM136A,2
POLR2C,2
RORC,2
PRPH,0
ADAMTS13,2
KIF25,1
TMPRSS4,2
PPIL3,2
XKR9,1
DYRK2,0
DMRT1,1
AC005833.3,2
CPA3,0
NPM2,1
FAM216A,2
NR2C1,2
EXTL1,0
MYBBP1A,1
PTS,2
UBE3B,2
SELENOS,2
CSN1S1,0
CYP2C18,0
SMNDC1,2
KIAA1755,2
PIP5K1B,0
EPHX3,1
DCN,0
LINC01125,2
CAPG,2
MPPED1,0
NAAA,0
OSTC,2
TAF8,2
PTCHD4,1
TRIM4,2
IL11RA,0
AL121594.3,2
EXOSC8,1
ANKRD23,2
LMTK2,2
HIST2H2AC,2
FAM186B,2
CHID1,2
WNT2,1
EEF1A2,0
B4GALNT1,2
AC011511.1,2
SMAD3,2
BEST1,2
FOXQ1,1
KYNU,2
YIF1B,2
CCT6A,1
FOXD4,1
RPL26L1,2
EMP1,0
PRSS48,1
MAS1,1
KHNYN,2
FBXL7,0
BRPF1,2
KIF4A,1
FCRL4,0
VTCN1,1
PMFBP1,1
SLA2,0
MADD,2
ESR2,0
CARD16,2
GJB6,1
SCRIB,2
IFI35,2
CHEK2,2
VWA1,2
KIF14,1
GINM1,2
CXORF40A,2
DSTN,2
ADAT2,1
LY6G5C,2
TYMP,2
CEP57,2
C11ORF94,2
ZNF525,2
ACSL6,1
DPYSL3,2
AC005324.3,1
LAS1L,1
MBNL1,2
CTSS,0
TLR3,0
TPR,2
KLK5,1
AK3,2
MEIS2,0
CTNNB1,2
GDF3,2
PRICKLE1,2
KCNA4,0
DNAJB14,2
MRPL37,2
AMN1,2
PUS7L,2
RAB4B,2
COL14A1,0
IMPDH2,2
SLC1A3,2
ZBTB22,2
SOX9,1
PRRC2B,2
CYP1A1,1
RIMKLB,0
AK7,2
PAG1,0
ERAP1,2
GNL2,2
SHANK1,2
ATP2B2,0
EIF4EBP2,2
TXN2,2
CREB3L3,0
PCDHB4,0
TPM1,0
ACTL10,1
PATZ1,2
AL136295.3,0
ENTPD4,2
CC2D2A,2
RHOBTB2,2
HIST1H2BM,1
TRIM23,2
SPIN3,1
C9ORF116,1
DIO1,2
PSTK,2
LDB2,2
ZNF569,2
HIRA,2
RAP2A,2
MYB,2
EPHB2,1
CHTF18,1
CBS,1
SNX10,2
MAN2B2,2
CDC5L,2
SYTL5,2
ERO1A,2
SKIL,2
TIMD4,0
MECR,2
GDF11,2
LY6D,1
ZBTB24,2
ARID3A,1
MEST,2
PGF,1
KLHL1,0
ENHO,0
STS,2
RPIA,2
SBSN,1
NTRK3,0
ANAPC4,2
KLHL10,0
COL11A1,1
ARHGAP36,0
CKAP2L,1
SYT7,1
ABCA7,2
FGFR1OP,2
AGAP6,2
SH3BGR,0
SIRT1,2
EVC,2
IGSF10,0
MYRFL,1
ZNF320,2
STMN3,1
HOGA1,1
DAXX,2
TMEM259,2
UMPS,2
GINS3,1
NCKAP5,2
TOR1B,2
STK10,2
PEMT,2
ACOT4,2
HAUS2,2
RAB3A,2
TOMM5,2
KLF13,2
MAPK12,2
PLAC9,0
PEX19,2
FOXA2,1
RNF224,1
PSMA8,0
GAST,1
CACNG8,1
LHFPL4,0
ANKRD36B,2
MGRN1,2
SCMH1,2
GPR4,2
CUL4B,2
AXIN2,1
ATP1A3,2
ARHGAP24,2
DSG3,1
RFX3,2
FABP7,1
EVX1,1
SHPK,2
LHFPL3,2
TBCA,2
ARMC1,2
PPP2R3A,0
CD36,0
AAK1,2
SH3YL1,2
ERCC1,2
HIST1H2BH,2
SHC1,2
ETFA,2
C4ORF47,2
TMED6,2
WDR78,0
TNFRSF10A,2
PTX3,0
TGM2,2
NBN,2
ICA1,2
PEX3,2
CCDC134,2
TMED7,2
TMEM35A,0
C6ORF48,1
SLC43A1,1
BMP8A,2
NAT1,0
CDK6,2
GOLGA6L10,2
HJURP,1
SMARCA1,2
RNASEH2A,1
TYW5,2
THAP10,2
PPIP5K2,2
HEATR6,2
ARHGDIA,2
RPL10L,0
YES1,2
SRL,0
UBASH3A,2
NEK3,2
TOP3B,2
DHDH,1
HOXD4,0
MED14,2
NPY,0
NHS,1
ZMYND8,2
SLC11A1,1
DESI1,2
R3HCC1L,2
MRGBP,1
DNAAF4,1
SLC25A20,0
CACYBP,2
PRKAR2A,2
CD44,1
MYCT1,0
TAGLN,0
MFAP1,2
MRPL14,2
CCDC40,1
B4GALNT2,0
SCRN3,2
FAM214B,2
MYLIP,2
ZNF414,2
TEX29,2
MSH6,2
ZNF772,0
RBM43,2
GPM6B,0
VSTM2B,1
TMEM106A,2
DCDC2B,2
PAPPA2,0
NTMT1,1
SYT4,0
TGM1,2
TRMU,2
HYOU1,2
SLC2A4RG,2
FBXO30,2
HSPA4L,1
HNRNPA0,2
SEMA3G,0
KRT6C,1
SLC2A12,1
WNT7B,1
PTAR1,2
SCTR,0
SHOX,0
NAMPT,2
PRKG2,0
MYO5B,2
DLGAP1,2
LYVE1,0
GRK2,2
ELMOD2,2
GLYATL1,1
PDLIM3,0
C14ORF159,2
CHDH,2
IAH1,2
ZNF202,2
GCC2,2
SVBP,2
C20ORF24,2
CSPP1,2
TSPYL1,2
SAMSN1,2
COX8A,2
SERPINF1,2
FAM72A,1
SSC5D,0
LYZ,1
RNF165,2
HIC1,2
ODAM,1
APC2,2
TTC30B,2
RYR3,0
GDAP2,2
ADRA1B,0
FAM13A,2
NKTR,2
PACSIN1,0
WFDC10B,1
UBE2QL1,0
NEBL,1
ZNF17,2
ILDR1,2
AC087632.1,2
POLD2,1
GLA,1
LIPI,0
ULBP1,1
KIF4B,1
PSMG1,1
REG3G,1
NGB,0
ABHD10,2
ANKFY1,2
KMT5B,2
CXORF21,0
RRAS2,2
FAM53A,1
MRPS26,2
D2HGDH,2
ABCG4,2
PTK2B,0
INTS11,2
MRPL46,2
RTTN,2
SLC26A9,1
CAPN11,2
SIL1,2
LARP1,2
ACMSD,2
ETV4,1
NDUFA1,2
FGL1,1
LILRA2,2
NAP1L2,0
CDKL4,1
TBRG4,2
OLFML3,0
CCDC155,1
ZFAND1,2
TMEM234,2
REM1,2
ELF3,2
TYK2,2
FANCB,1
SOX11,2
ALG2,2
CD300LB,2
DLST,2
NPEPPS,2
ARMC2,1
SCGN,0
CHCHD3,2
LRRTM4,0
RPL11,2
ZNF20,2
PLIN1,0
PCSK5,0
RTF1,2
SERTAD3,2
ACO1,2
GPATCH3,2
RGS2,0
CHRFAM7A,0
CCDC114,1
GTF2A1L,0
PCF11,2
RABEP1,2
IFI27L1,2
EMC1,2
GPSM2,1
FAM71D,2
ZNF37A,2
MDFI,1
IL1RAP,2
ZNF573,2
HEY1,2
WDR60,2
SLC10A1,0
NAT9,1
STIM1,0
HTR7,0
NT5DC4,1
NAPA,2
PSD,0
FBXW10,1
CDK14,2
ANP32E,2
SRSF12,2
NCAPH2,2
WNT16,2
TCF19,2
EHD4,2
MPP5,0
CDADC1,2
C22ORF39,2
C14ORF79,1
CHST7,2
PELO,2
AC009336.2,0
FHL5,0
DUSP5,2
ANO4,0
CPXM1,1
NEK7,2
SLAMF7,0
GCNA,2
PIP5K1C,2
GDPD5,1
CPEB3,0
HBG2,1
GLOD4,2
OTOP3,0
UGT1A4,0
PLSCR4,0
OXNAD1,2
HRC,0
FNDC10,1
NOL9,2
TIMM8B,2
POLR2B,2
LPP,0
FGB,1
POPDC3,0
P3H2,0
CCDC36,2
PLPPR3,1
KATNAL1,2
OPA3,2
ZNF91,2
ALYREF,2
AC079447.1,2
DUSP9,1
VAV1,2
DBNDD2,2
MFSD1,2
CGN,0
UMAD1,2
DNAJC2,1
ABAT,2
MSTO1,2
ZBTB2,2
AMOTL1,0
PPTC7,2
PPT2-EGFL8,2
LY6G6C,1
ARHGAP33,2
STMND1,2
S100A10,2
TRAF3,2
RILPL1,2
SLC6A17,2
LRRC38,2
FCRL1,0
FAM110A,2
CKAP2,1
AAMDC,2
ATP5J,2
UBE2H,2
HOXB9,2
C7ORF43,2
SH2D2A,1
SPACA3,1
RNF39,1
ZNF354C,0
STT3A,2
SLC3A1,0
PTTG2,2
CNIH3,1
CNR2,0
PHF20L1,2
DHRS11,0
FAM174A,2
SCLY,1
RPS14,2
CERK,2
ANKRD46,2
SPINT1,2
CLIP3,0
BACE2,1
RCVRN,2
APBB2,2
GALNT7,2
PBXIP1,0
ACOD1,1
TERT,1
ATN1,2
SLC1A2,0
CENPE,1
ACVRL1,0
MPP3,1
MAPKAPK3,2
SPSB3,2
MED24,2
ANP32D,1
RASSF2,0
CHGA,0
ELP6,2
LINGO2,2
NET1,2
ZNF346,2
MEGF11,1
IL17RC,2
CD226,2
MARK2,2
CYB561A3,2
SMIM13,2
HDX,2
CAPNS2,1
COL8A1,1
SNAP23,2
POLR2J3,2
SLC39A12,0
ZNF493,2
PCDHB5,0
SEMG2,1
ACTN1,2
DDX11,1
AIF1L,2
ICAM1,2
DHX37,2
LAX1,0
ZNF8,2
USP21,2
DPP9,2
GABRA3,1
F12,1
GFI1,2
EIF3G,2
BCO1,2
PIK3R6,2
XPNPEP3,1
UBA3,2
CSDE1,2
CENPC,2
CEP89,2
TMEM43,2
TINF2,2
RETNLB,2
CILP,0
RBBP9,2
TRIM62,2
PCDH11X,0
BSPRY,2
SOX14,1
NT5C2,2
NECTIN2,2
PRKCE,2
COPS7A,2
ACTR3B,1
PCDHGA1,1
ACCS,2
ATP13A4,0
CDO1,0
IMMT,2
RAB15,1
CYP4X1,1
COMMD10,2
NRG2,0
RPL23,2
MYL6,2
CYTIP,2
PLEKHJ1,2
PGLS,2
NOTO,0
ARMC7,2
CLIC4,2
P3H3,2
CDS1,2
ZCCHC4,2
TAF13,2
KRR1,2
HCAR2,1
IGSF3,0
SUCO,2
SEMA6D,0
NUCB2,2
DPYSL5,0
PARVA,2
GPLD1,0
ESPL1,1
POLD1,2
ELMOD3,2
SMIM7,2
PPP3CC,2
EIF4H,2
ZNF551,2
PPP2R5B,2
ANKRD18B,1
PLIN3,2
ZBTB18,2
XDH,0
MROH7,2
NPIPB15,1
VKORC1,2
P4HA3,1
SMOC2,2
OTC,0
MAGI3,0
PFDN2,1
B3GNT6,0
FKBP10,1
RNF38,2
SSNA1,2
DNMT3L,1
PIGX,2
MTF1,2
TP53,2
CCR2,0
ANKRD36,2
TSEN34,2
ZNF853,2
PDLIM4,2
TOM1L2,0
TSNARE1,2
NDUFS5,2
NCOA4,0
ALG12,2
C2ORF68,2
ACOT13,2
CLINT1,2
RETN,1
DDB1,2
SRSF3,2
DDIT4,1
ARNT,2
PANK1,2
ZNF385D,0
PCBP4,2
TNFRSF4,2
TM6SF1,2
ADCYAP1R1,0
ZMYND11,2
HMGB1,2
PSAPL1,1
ZSCAN30,2
TGFB1I1,0
DCLRE1B,2
MYH15,0
RAC3,1
GPC5,0
MXRA5,1
RND3,2
AVEN,2
JOSD1,2
DOCK5,2
MGAT1,2
NR2E3,2
ACRV1,1
CAVIN4,2
SMPD4,2
KIAA0930,2
TMEM50A,2
PRR14,2
PIGN,2
POPDC2,0
ANO10,0
ALDH1A1,2
BEX4,0
TOM1,2
C19ORF48,1
TFAP2B,0
IRF2BP1,2
WDR86,2
NEK1,2
UBE2G1,2
ZNF684,2
RBL2,2
PRDX5,2
TNFRSF1A,2
METTL11B,1
CHRNB4,0
TTLL6,0
NRIP1,2
CHRND,1
CCDC124,2
MAK16,2
CASP6,2
MST1R,2
CTR9,2
TRAK1,2
FAM122A,2
PCDH15,0
C15ORF38-AP3S2,0
NDUFAF8,1
ZNF746,2
NPIPA3,1
ARHGAP39,1
RAPGEF1,2
NOSTRIN,2
SELE,2
NAT10,1
NTN1,0
C3AR1,2
RPL6,2
DNMT3A,2
SAMD1,2
GJB3,1
SEC14L1,2
DCT,1
FBXW9,2
TNFSF15,1
SPIB,0
RAB4B-EGLN2,2
PAIP1,2
PHKB,2
RAB33A,2
TERB1,1
KLHL17,1
MYO10,2
NDUFB11,2
TNR,0
AMPD3,2
PPP2R2C,1
TMEM88,2
TTC9,1
TXNRD3,1
SNRPB2,2
LRP3,2
CACTIN,2
NIF3L1,2
CASQ2,0
SI,0
USP49,2
MAP3K10,2
NPHP3-ACAD11,2
NFE2,1
LRRC8D,2
LMCD1,2
HLA-B,2
C11ORF42,2
ZNF654,2
HIST4H4,2
IRGQ,2
ADGRA2,2
ADAM17,2
SLU7,2
SYN3,1
RASA4B,2
SPHK1,1
JRK,2
AC025594.2,1
ACKR4,0
SH3BP5L,2
LSM10,2
LZTS3,1
RAB1B,2
GXYLT2,2
FAHD1,2
PRPS2,2
NMRK1,2
OLA1,2
ALDH1A3,2
ADD2,0
MED29,2
EPHB3,1
FOXO6,1
SERPINA7,1
SGCE,0
A4GALT,2
TMEM270,1
GSTCD,2
DDX19A,2
SH3RF2,2
CLIC2,0
NINL,2
PPIB,2
CFP,0
CNTNAP3B,0
MTUS1,2
TCEAL7,0
RIPK1,2
TMEM27,2
SNTN,2
TRAPPC3L,2
RBMX2,2
CHCHD5,2
FFAR1,0
CEP152,2
SCN11A,0
PISD,2
AOC1,0
TCEAL3,0
SUCLG2,0
PPFIA2,2
ZKSCAN1,2
ADRB3,0
LRCH2,0
LRRC27,2
NCLN,2
CAPN10,2
ST20,2
SLAMF1,0
HGNC:24955,0
RTCB,2
LAMA4,2
A1CF,0
NRXN3,2
MAMSTR,2
SCD,1
CLN6,2
ZNF550,2
MFSD4A,0
CEP55,1
PELP1,2
CAMK2N2,1
CYP3A5,2
NDUFA6,2
CLEC4F,0
GDF7,0
LYPD3,1
UBA2,2
OPRM1,0
IL6,2
FAM8A1,2
FAM120AOS,2
DRAP1,2
KRT13,1
NFATC3,2
SART1,2
HLA-DQA2,2
TSEN15,2
GHRL,2
PDPR,2
AP1S2,2
PHKG2,2
SMPD3,0
GCAT,2
CHMP7,2
FAM181B,0
MRAS,2
ZNF114,1
CUBN,2
HIST1H2AB,1
KRT16,1
CCR1,2
FAM159B,1
SLC44A1,2
ZNF276,2
TGIF2-C20ORF24,1
C2ORF40,0
MKS1,2
PAPSS2,0
PARP1,2
ADGRF4,2
FCHO1,1
LAMTOR3,2
EXOSC10,2
SH2D7,0
CACNB2,0
SLC35E4,1
RAPGEF5,2
FBXL5,2
POC1A,2
PCDHB8,1
CNOT3,2
CWF19L2,2
CORIN,1
CLCN1,1
U2AF2,2
ZNF232,2
HIST1H4E,1
FBXL6,1
KIDINS220,2
IRX4,1
GTPBP10,2
LAIR2,1
S100A2,1
BBS5,2
FZD3,1
CELSR2,2
GDAP1,2
NIPAL2,2
MFSD3,2
APLF,2
SPATA4,0
PIGQ,2
GLTP,0
FABP6,1
BCL2L11,0
PDCD4,0
SPATA24,2
RCBTB2,2
ADNP,2
VSIG4,0
MRPL3,2
XXYLT1,2
STARD5,2
LRRC40,2
SULT1A3,2
RPS24,2
EFCAB11,2
BARX2,0
NT5C1B,2
FYN,2
ARHGEF11,2
MTSS1,2
SNED1,2
TSHZ3,0
PLPP7,0
KDM5C,2
KCNJ11,1
LTC4S,2
SPOCD1,1
MKNK1,2
FAM129A,0
CDA,2
AGFG2,0
NFAM1,2
GEMIN8,2
CTNNAL1,2
CRAMP1,2
MTFR1,2
EHD1,2
PRKAA1,2
GOLGA8R,0
NFKBIA,2
KRT81,2
CEP128,2
DBNDD1,1
LPCAT4,2
MRPL9,2
TMEM251,2
YBEY,2
PIP5KL1,1
ANKRD45,2
WDR54,1
KLF6,2
P2RY8,0
ZNF140,2
PUS7,1
CLIP4,0
MZB1,0
SLX4IP,2
TUBB4A,0
PNPT1,1
IST1,2
C16ORF90,2
ACVR1,2
KALRN,2
DRAM2,2
CLP1,2
LETM1,2
ZNHIT2,2
BTNL9,1
TFAP2C,2
FCRLA,0
EPHA5,0
AGTRAP,1
FCRL6,0
CYSRT1,1
UGT1A6,1
MOB3C,2
SLC9B1,2
FCN1,0
SAA2-SAA4,1
ZDHHC9,1
GAMT,2
REM2,1
CFAP36,2
GYPC,0
TLR9,0
HAT1,2
RNPS1,2
SPATA12,1
FAM84A,2
NPSR1,1
MPZL1,2
SEMA3B,2
PNMA5,1
PPIL6,2
RAB22A,2
TAF12,2
AMH,1
CMTM8,1
U2AF1L4,2
EIF4A1,2
UNC13C,0
CRYBG3,0
KLHL31,1
DUOX1,2
FREM2,2
EPHB1,1
PSMB5,2
HECTD3,2
RHBDD3,2
THUMPD3,2
DENND4A,2
TMEM40,1
CITED2,0
AC011448.1,2
UBE2J1,2
MDGA1,0
EXOSC9,2
HSD3B7,2
SEMA4A,2
RBM42,2
ADAMTS5,2
FAM124B,2
FEZF2,1
GFOD2,2
RIT1,2
SGPP2,2
GSDMA,1
NR5A2,0
UNC5D,0
WEE1,2
MYO1B,2
ZNF18,2
SMPDL3B,2
MICU3,0
CPEB2,0
DNAJC28,0
SNAPC3,2
PODNL1,1
SULT2B1,1
INSM1,2
SLCO3A1,2
TBC1D31,1
SLC35D2,2
MYT1,1
APEH,2
R3HDM4,2
ART5,1
CYP19A1,1
CPTP,2
NME6,2
PREP,2
RNF146,2
DGKB,2
FZD2,2
UROC1,1
TIMM50,2
MRPL16,2
RNASE10,2
TMPRSS5,1
PKD1,2
SYCE2,2
DHRSX,2
BSN,2
FUT2,2
RAB14,2
BFAR,2
FANCD2OS,1
NUP88,2
IRF3,2
TMEM183A,2
DNMT3B,1
CAMKV,1
CRYZL1,2
NKD1,1
TMEM97,1
ZDHHC6,2
PRUNE2,0
GRPEL2,1
SLC6A1,1
FZR1,2
LIPJ,0
TBC1D24,2
GPRASP2,2
BTG1,2
ZAN,1
MSANTD3,2
TNNI3K,0
FASTKD1,2
RMI2,2
CDH4,1
ASCL5,1
KIF18A,1
MEFV,2
FOXL2NB,1
CTPS2,2
CCDC33,1
NBPF20,2
WNK3,2
DISP3,2
MACROD1,1
ZNF451,2
SLC19A2,2
LDOC1,0
RBM17,2
AHSG,1
PGLYRP4,1
NFXL1,2
HELB,2
ZNF460,2
HSD17B6,0
PNRC1,2
NOS1,0
C13ORF42,0
PIM3,2
NMT2,2
LRRTM1,0
C19ORF25,2
PHF6,2
IFI30,2
BSDC1,2
MRPL40,2
TMEM190,1
ZCCHC3,2
ITGAX,1
KIT,0
MYPN,0
KCNH2,2
PHACTR1,2
DBN1,2
NIPAL1,0
RPS2,1
KCNE5,1
CCL11,0
AMPD2,1
STYXL1,2
EID3,0
INPPL1,2
FAM120B,2
DSC1,2
CORO6,0
WIPF2,2
CAMK4,0
FAM183A,1
ENAM,0
ATL1,0
CENPBD1,2
MDS2,2
GAD1,1
PLOD1,2
PDE7A,2
ELN,2
STOML3,2
TMEM132B,0
C22ORF15,2
FARSB,2
CLDN16,1
C19ORF35,2
CHPF2,2
RCHY1,2
CCR10,0
GSN,0
CHD3,2
CROCC,2
CEP41,2
AP3D1,2
MTMR7,2
SLC6A15,0
UTRN,2
TRMT44,2
CDCA5,1
LRPPRC,2
NCL,2
IL13RA2,1
C1S,2
FDFT1,2
LRRC59,2
C1ORF167,0
MEIS1,0
PGPEP1L,0
SAT1,2
CD247,2
KRTCAP2,2
JAKMIP2,2
SAMD9,0
PLCG1,2
SLC17A5,2
ELFN1,1
MROH9,1
CEP97,2
CAP2,0
ZRANB1,2
INTS6,2
RARRES3,2
ANXA8L1,0
DBX1,1
WDR5,2
PEG3,0
DQX1,0
CD40LG,0
UBTD2,2
PRCD,2
SLC44A4,0
CLK2,2
TEAD1,2
ARHGEF40,2
CREM,2
RAD9B,2
RAB8B,2
GATM,2
OBP2B,1
LEF1,1
SLIT2,0
STARD4,2
ZFYVE1,2
EQTN,2
BCOR,2
PINK1,0
PARD3,2
FTSJ3,2
PTCD3,2
WDR3,2
IQANK1,1
DPT,0
KCNC4,2
RPP38,2
KCNMB2,0
RNF41,2
KHSRP,2
TULP3,2
FCRLB,1
APAF1,2
HAUS1,2
ITPR1,0
THAP9,2
SUN1,2
LRRC42,2
NMI,2
SOSTDC1,0
STRADB,2
ZDHHC7,2
ZNF266,2
AQP12B,0
HSPB9,2
EGR4,1
C2ORF72,0
AC018630.6,2
WDR19,2
SCN4A,0
CBLN3,2
CARD19,2
SLC1A1,0
PHYHIPL,1
SLC35E2B,2
RDH11,2
TEK,0
SIGMAR1,1
GRIN2C,2
EPM2A,0
ABHD1,1
TSPAN8,2
MAFG,2
LRRC69,1
HLCS,2
OPTN,2
BPGM,2
CCDC91,2
ZNF843,2
GRIK5,0
ZNF280B,1
C1QC,0
C11ORF87,1
SPATS2L,2
FAM213A,2
TMPRSS11D,1
SEC61B,2
FAM151B,2
HSD17B12,2
PALLD,0
DAGLB,2
GABRG1,0
FGF8,1
LIN9,2
DHX35,2
CCR5,2
ZNF781,0
PRKCH,2
HELZ2,1
CBWD1,2
PSMC3,2
SPEF1,1
ATG9A,2
TRAPPC6A,2
SWI5,2
SLC11A2,1
AC068533.4,2
SSTR5,1
LRRC10B,1
SPATA13,2
FAM129B,2
CARD11,2
TOX,0
PHF1,2
ULK3,2
GNL3,1
COL9A2,1
ARHGAP31,2
MBOAT7,2
CEP170B,2
ANO8,2
RGPD8,2
RSBN1,2
FAM83D,2
MFSD14C,2
SENP3-EIF4A1,2
SLC30A7,2
DISP1,2
FAM69A,2
MRPL21,2
PCGF2,2
BRSK2,1
STOML2,2
LIG3,2
DGUOK,2
ROPN1,0
OSBPL8,2
PSMD10,2
AL355102.2,2
FAM210B,2
UBE2M,2
LAPTM4B,1
MARS2,2
GNG7,0
NDUFA4,2
DDR2,0
ADH5,2
DEDD,2
CETN2,2
PITPNM2,2
CPNE6,2
CASC4,2
IQCA1,2
ELOA,2
LY6H,0
ARHGAP15,0
KRT3,1
KCNS1,1
MAGI1,2
C12ORF75,2
OCIAD2,2
DCAF1,2
TUBA1C,2
DUSP26,0
FAM160A1,2
KHDRBS1,2
DNER,0
LIMA1,0
DRAM1,2
PCNX2,1
ANGPTL1,0
TEKT3,2
CDH17,2
HUS1,2
ACBD7,1
NECAB2,0
POP7,2
RABL6,2
RAP1A,0
TRMT61B,2
PCDHGB3,2
UBE2I,2
FAM103A1,2
HSPA5,2
PARM1,0
MIB2,2
SFRP4,1
ACOT11,2
FUT3,2
SMIM6,0
BRD7,2
ATXN2,2
PDCD7,2
GUCY2D,1
XPO4,2
RALY,2
NEK8,2
RPL36,2
CIDEC,0
RHOU,0
FRY,2
CCBE1,0
KRTAP1-5,1
C1ORF186,0
ITK,2
ANAPC10,2
CA12,0
ASAP1,2
GRIP1,2
TINCR,0
AC026461.4,0
BPIFA2,1
NPIPB13,1
PAOX,2
IRX5,1
PTCHD1,0
SHC2,2
AC020914.1,1
ATXN2L,2
LIPF,1
VLDLR,0
POLDIP2,2
FBXL3,2
TBC1D14,2
PRRG4,2
DIEXF,2
UBE2L5P,2
LEAP2,0
DNAJC15,2
GOLGA8B,1
RPS27A,2
STRN4,2
ZIC2,1
DNM1,2
LY96,2
ZNF185,2
TMEM79,2
SH2D4B,1
FBXO25,2
ATP5B,2
PRELID3B,2
CCDC71L,2
CPSF2,2
FCGR3A,2
POGK,2
LYSMD2,2
OXLD1,2
PPARGC1A,0
SERHL2,2
BGLAP,2
RCOR1,2
ADGRL1,2
ACTN3,2
SIK3,2
SEPT3,2
TM2D2,2
ALDH4A1,1
SET,2
CEP295NL,0
PIGR,0
ZBTB9,2
POLR1C,1
PAEP,1
HRASLS,1
OXTR,1
UQCRHL,2
BUB1B,1
INCENP,2
GJC1,0
HERC1,2
PKDREJ,2
SCFD1,2
UBE2F,2
PPEF1,1
CLSPN,1
PHB,2
BNIPL,1
MAP4,2
FZD8,2
MANF,2
SPPL3,2
POLRMT,2
FKBP2,2
VEPH1,0
CERCAM,2
FAT2,2
SAP18,2
PRDX6,0
PHF5A,2
CATSPER1,1
MALSU1,2
AL645922.1,2
RRS1,1
ZW10,2
HIST1H3I,1
TLR6,2
ZNF382,2
HIST1H1B,1
PRSS2,1
RPS4X,2
MPC2,2
IL31RA,2
PRKCG,1
IGFBP5,2
AL583836.1,0
CD79A,0
TTC29,1
SEMA3D,0
TIMM17A,2
LRP4,2
LRFN5,0
HNRNPUL2,2
AGRN,1
RASGRP2,0
SUMF2,2
MLYCD,2
TMEM74,0
OPN4,0
FBXL22,0
C1QTNF12,0
HPSE2,0
AACS,2
ENDOU,0
PDE3B,2
IL36B,1
ASF1B,1
BMP8B,2
SPDYA,2
RPL4,2
MMACHC,2
AIF1,0
WDCP,2
GRIP2,2
RAB9B,0
FANCE,2
GABRG2,0
DHRS9,0
NMUR1,0
GGT6,0
TEPSIN,2
GLP2R,0
TNIP3,2
RAD21L1,1
H3F3A,2
CT55,1
UNG,2
ITIH3,2
LSAMP,2
TCTEX1D1,2
CRABP2,1
GNMT,1
SERPINB4,1
DCDC2,1
PIBF1,2
SLC12A8,1
WIPI2,2
OR52N4,0
DGKZ,2
UST,0
PITPNM3,0
C17ORF78,1
TMEM236,0
RIMS3,0
HSPD1,1
PPM1L,2
TMC4,2
CCDC189,1
HSF1,2
PDZD9,2
DIMT1,2
FHL1,0
BORA,2
ACOT7,2
C9ORF24,2
CIPC,0
EBNA1BP2,2
CD3D,2
RXRG,0
RHOV,2
MAGED1,2
ALDH3B1,2
DNAJA1,2
TRPV6,1
CHCHD10,2
FAAP20,2
SUMF1,2
BRCA2,1
SMG5,2
C15ORF65,2
JAG2,1
ITIH2,1
GPS1,2
GOLT1B,2
B3GAT2,2
CDK13,2
TRAF4,2
SPATA6,2
IL37,1
PSMA1,2
ACAP3,2
TFB1M,2
GAS2L1,2
METRNL,2
GSDMB,2
TARS,2
PALM2,1
CLEC10A,0
FNBP4,2
IL15,2
SLC23A3,0
QDPR,2
C19ORF12,2
DAZAP2,2
PMEPA1,1
TIMM17B,2
SMPDL3A,0
MOCOS,2
CTAGE4,2
TIRAP,2
SIM2,1
VEZF1,2
SOX7,2
OSBP,2
CALHM3,1
FAM206A,2
AKR1D1,0
CYP2J2,2
PML,2
THTPA,2
DMKN,1
GPR156,0
PRAG1,2
WDR26,2
HNRNPA2B1,2
FDXR,2
SULT1C3,1
NEUROD1,0
ELOVL3,1
LARP7,2
EN1,1
VIL1,2
REPS1,2
C10ORF55,1
CDKN2AIPNL,2
SFRP1,0
KCNJ14,1
CDH16,1
RALGDS,2
SLC39A6,2
ITLN2,1
H1FNT,0
TXNL4B,2
SCN2B,0
C1ORF115,0
ADAM32,2
TXNDC12,2
E2F5,1
INSR,2
STUB1,2
ATG9B,1
NSDHL,1
RLN1,2
ZFYVE9,2
TMEM161A,1
NMBR,0
TMCC1,2
PDCD6,2
KCNC1,0
ULK4,2
LZTS1,1
SHF,2
TACR3,0
ZNF200,2
HIKESHI,2
MEF2C,0
WLS,2
OMG,0
FAM92A,1
SURF4,2
MTHFD2L,2
TMEM17,2
EIF2B3,2
BRCC3,2
AC114296.1,1
CHST6,2
ARHGEF35,2
FNDC11,1
KCNA10,1
NMD3,2
ARMCX3,2
RNF125,0
CRYBG2,2
TCP11,1
CD8A,0
INAFM2,0
AP3S2,0
ERICH6B,2
ENTHD1,1
PLEKHH2,0
TRPM1,1
PITPNB,2
KRT23,1
TPBG,2
NOTCH3,1
CA9,1
SGK3,2
TRAFD1,2
SLC35D1,0
CCDC47,2
CCDC69,0
FXR1,2
DNHD1,2
AC087289.3,1
EEF2,2
LAMC2,2
SYDE2,2
GRM4,1
TIE1,2
RPL28,2
NBEAL1,0
MSANTD4,2
ELOF1,2
ZFAND3,2
FAT4,0
PTGIS,0
PPP1R12B,0
MYO7B,2
CAPN9,0
RFFL,2
DDX39A,1
UBTD1,1
RNASEH2B,2
GNPAT,2
SAFB,2
FAM83A,1
ADGRV1,2
DOCK10,0
IGFBP7,2
PKM,2
SAPCD2,1
CIZ1,2
LRCH3,2
ATP6AP1L,2
PIP5K1A,2
AGER,2
ATG4D,2
EXTL3,2
TRIM14,2
ADAM2,1
GREB1,1
ZBTB25,2
AKAP14,1
SLC2A8,2
RUNDC3A,2
GIPC3,2
CPNE2,2
ZCCHC10,2
CAMKK2,2
PRSS53,2
ASCC1,2
PAX7,1
GAL3ST2,2
PNMA8B,0
KLRF1,0
RGS10,2
C1ORF109,2
LMAN2,2
ZSCAN16,2
ITGB1BP2,0
MAP3K3,2
DLEU7,1
UCP3,2
PGPEP1,2
RGR,1
PRPF19,2
NDRG3,2
KIF9,1
FIBCD1,1
WDR62,1
HSPA14,2
PGC,1
ST3GAL4,2
KBTBD4,2
NVL,2
SRGAP1,2
FAM111B,1
CEACAM6,2
IFI6,1
VIRMA,2
ENO1,2
UGT2B17,0
EFCAB8,2
ISM1,1
TUNAR,0
UFM1,2
SOGA3,2
MGST3,2
CISD3,2
NR1H3,2
MYOC,0
ZNHIT3,2
SPG7,2
LGALS14,1
TNNT3,0
ZNF761,2
HS2ST1,2
ZNF655,2
NGLY1,2
PTPN12,2
DPCR1,1
MICU1,2
MRPS34,2
SYNDIG1L,0
TNFRSF11A,2
DENR,2
ARMC4,2
COL6A3,2
AREL1,2
POLR2A,2
ARHGEF19,1
PFKFB2,2
ISLR2,2
TAF1D,1
POLR3E,2
CHTOP,2
SNN,2
ZNF555,2
GUK1,2
NEXN,0
NCAPD3,1
SLC38A2,2
BOC,0
LRWD1,2
NAA25,2
LAMC3,0
PTPRG,2
ITLN1,0
CCDC188,2
HAPLN3,1
SLC19A1,2
TRMT11,2
GPR1,2
ABHD12B,2
ADAMTSL1,0
AL353588.1,2
RNPEP,2
BLK,0
CHORDC1,2
PRKDC,1
RTEL1,2
SMIM2,0
C2CD4C,2
PLCH2,1
ARID1A,2
ZBTB10,2
POLR3H,2
ZNF428,2
AC004076.1,2
RAB5B,2
TSPAN5,1
HEPH,2
SNRPG,2
MEIG1,1
BHLHA9,1
C2ORF15,1
CDC37,2
UPF3A,2
SLC35A2,2
GTPBP3,1
DPH6,2
MATN3,1
PCED1A,1
TDRKH,2
ZMYND15,1
FAM110D,0
ANKRD18A,1
TRIM46,2
PTDSS2,2
NHLRC4,2
PCYOX1,2
CAMSAP1,2
ART4,0
CDCA2,1
IGFL3,1
PTBP2,2
MBOAT4,0
PTGDS,0
BASP1,2
SLC9A1,0
HSPA1L,2
C11ORF95,2
CTNND2,0
CEL,1
UTP20,2
SLC22A31,1
LRRC58,2
UQCRC2,2
FBXO2,1
PRKCQ,2
LUC7L,2
KLHL29,1
SMCO4,2
OR10H1,1
ZNF805,2
TMF1,2
SLC4A8,1
CDH22,0
TNPO2,2
GNB2,2
BHLHE40,1
C5ORF30,0
EXOSC1,2
ST6GALNAC1,0
CES4A,2
DYRK1A,2
TTC22,0
KIF24,1
FAM117A,2
GNAQ,0
SLC41A2,0
AMACR,2
PODXL,2
HIST1H2BI,1
HOXA5,2
POFUT2,2
PSMD1,2
ITFG1,2
RAD54B,1
PPP1R16B,0
ZFAND6,2
PXT1,2
TPRG1,2
LYRM2,2
GPATCH2,2
RAB3C,0
PRADC1,2
RFC5,2
DUSP13,1
TMEM94,2
CD28,2
TEX46,1
SLC35C1,2
SEC14L3,1
AC092042.3,0
APOC4-APOC2,1
SLC25A3,2
NUP98,2
PKN3,2
RNF187,2
CUX2,0
CYB561D1,2
RIMS2,2
KLK3,2
CSF3,1
RPUSD4,2
SLC4A5,2
DCAF11,2
AMHR2,0
WRNIP1,2
RPS6KL1,1
SYNPO2,0
STARD13,2
USP47,2
CFAP20,2
C10ORF105,0
ZFR2,0
ABHD4,2
ADRM1,2
CDC42EP3,0
XPO5,1
DAP3,2
HNRNPC,2
C1ORF105,1
ALG1L2,2
SDHA,2
ABCB1,0
RALGPS2,2
ZNF442,2
ZFP30,2
SIGLEC8,0
CASD1,0
DGKQ,2
LOXL4,0
EYA2,0
NKX2-3,0
TMEM30A,2
PNPLA7,2
PPP1R3B,2
SH2D3C,2
FAM83B,2
SCNN1A,2
GPRC5A,2
NIP7,2
ADK,2
SLC22A5,0
MASP1,0
ERV3-1,1
KRTAP3-3,1
SETD4,2
TGIF1,1
ACKR3,2
DPF3,0
SUPT5H,2
MAPK1,2
NOM1,2
ABI2,2
VSIG2,0
RPL14,2
AKAP8,2
FTH1,2
RPL3L,2
AUH,2
FAM43B,0
GTF2IRD2,2
AC244197.3,2
ORAI1,2
HCCS,2
CCDC78,1
PLCG2,0
REPIN1,2
RPL12,2
MANBAL,2
C1ORF43,2
CCT5,2
ALG8,2
GINS1,1
IPO4,1
PJA2,0
BTG3,2
ANG,2
ATF7IP,2
SMIM10L1,2
CLEC18B,1
UROS,2
CDCA3,1
FAM156A,2
SLK,2
GABRP,1
WISP2,0
OTUD7B,2
METTL1,1
PGK1,2
TBCC,2
EXD2,2
NBPF6,1
GCSH,2
ENSA,2
LRRC74A,1
MORN2,2
CORO1A,2
B3GNT7,0
DCUN1D2,2
FST,2
ZSCAN2,2
SNIP1,2
RSPH10B2,1
APELA,1
GALNTL6,2
TLR1,0
SETBP1,0
